# person	film	year
Judi Dench	GoldenEye	1995
Judi Dench	Skyfall	2012
Judi Dench	Shakespeare in Love	1998
Judi Dench	Belfast	2021
Judi Dench	Casino Royale	2006
Judi Dench	A Room with a View	1985
Colin Firth	The King's Speech	2010
Colin Firth	1917	2019
Colin Firth	Love Actually	2003
Colin Firth	Bridget Jones's Diary	2001
Colin Firth	The English Patient	1996
Colin Firth	Kingsman: The Secret Service	2014
Emma Thompson	Sense and Sensibility	1995
Emma Thompson	Howards End	1992
Emma Thompson	The Remains of the Day	1993
Emma Thompson	Love Actually	2003
Emma Thompson	Harry Potter and the Prisoner of Azkaban	2004
Liam Neeson	Schindler's List	1993
Liam Neeson	Taken	2008
Liam Neeson	Star Wars: Episode I – The Phantom Menace	1999
Liam Neeson	Batman Begins	2005
Liam Neeson	Michael Collins	1996
Liam Neeson	Love Actually	2003
Uma Thurman	Pulp Fiction	1994
Uma Thurman	Kill Bill: Volume 1	2003
Uma Thurman	Kill Bill: Volume 2	2004
Uma Thurman	Dangerous Liaisons	1988
Naomi Watts	Mulholland Drive	2001
Naomi Watts	The Ring	2002
Naomi Watts	King Kong	2005
Naomi Watts	21 Grams	2003
Matthew McConaughey	Interstellar	2014
Matthew McConaughey	Dallas Buyers Club	2013
Matthew McConaughey	The Wolf of Wall Street	2013
Matthew McConaughey	Dazed and Confused	1993
Matthew McConaughey	Contact	1997
Mahershala Ali	Moonlight	2016
Mahershala Ali	Green Book	2018
Mahershala Ali	Hidden Figures	2016
Mahershala Ali	Leave the World Behind	2023
Ana de Armas	Blade Runner 2049	2017
Ana de Armas	Knives Out	2019
Ana de Armas	No Time to Die	2021
Ana de Armas	Ballerina	2025
Vin Diesel	Saving Private Ryan	1998
Vin Diesel	The Fast and the Furious	2001
Vin Diesel	Furious 7	2015
Vin Diesel	Guardians of the Galaxy	2014
Joseph Gordon-Levitt	Inception	2010
Joseph Gordon-Levitt	Looper	2012
Joseph Gordon-Levitt	The Dark Knight Rises	2012
Joseph Gordon-Levitt	(500) Days of Summer	2009
Joseph Gordon-Levitt	Brick	2005
Daisy Ridley	Star Wars: The Force Awakens	2015
Daisy Ridley	Star Wars: The Last Jedi	2017
Daisy Ridley	Star Wars: The Rise of Skywalker	2019
Jodie Foster	Taxi Driver	1976
Jodie Foster	The Silence of the Lambs	1991
Jodie Foster	The Accused	1988
Jodie Foster	Contact	1997
Jodie Foster	Panic Room	2002
Jodie Foster	Nyad	2023
John Hurt	Alien	1979
John Hurt	The Elephant Man	1980
John Hurt	Midnight Express	1978
John Hurt	Harry Potter and the Philosopher's Stone	2001
John Hurt	Tinker Tailor Soldier Spy	2011
John Hurt	1984	1984
Jeremy Irons	Reversal of Fortune	1990
Jeremy Irons	The Lion King	1994
Jeremy Irons	Dead Ringers	1988
Jeremy Irons	The Mission	1986
Jeremy Irons	Die Hard with a Vengeance	1995
Roger Moore	Live and Let Die	1973
Roger Moore	The Spy Who Loved Me	1977
Roger Moore	Moonraker	1979
Roger Moore	For Your Eyes Only	1981
Roger Moore	Octopussy	1983
Roger Moore	A View to a Kill	1985
Rekha	Umrao Jaan	1981
Rekha	Silsila	1981
Rekha	Muqaddar Ka Sikandar	1978
Rekha	Khoon Bhari Maang	1988
Demi Moore	Ghost	1990
Demi Moore	A Few Good Men	1992
Demi Moore	Indecent Proposal	1993
Demi Moore	The Substance	2024
Sharon Stone	Basic Instinct	1992
Sharon Stone	Casino	1995
Sharon Stone	Total Recall	1990
Annette Bening	American Beauty	1999
Annette Bening	The Grifters	1990
Annette Bening	The Kids Are All Right	2010
Annette Bening	Bugsy	1991
Mike Myers	Wayne's World	1992
Mike Myers	Austin Powers: International Man of Mystery	1997
Mike Myers	Shrek	2001
Mike Myers	Shrek 2	2004
Mike Myers	Inglourious Basterds	2009
Stellan Skarsgård	Breaking the Waves	1996
Stellan Skarsgård	Good Will Hunting	1997
Stellan Skarsgård	Dune	2021
Stellan Skarsgård	Mamma Mia!	2008
Stellan Skarsgård	Sentimental Value	2025
Ricardo Darín	The Secret in Their Eyes	2009
Ricardo Darín	Nine Queens	2000
Ricardo Darín	Wild Tales	2014
Ricardo Darín	Argentina, 1985	2022
Alia Bhatt	Gangubai Kathiawadi	2022
Alia Bhatt	Gully Boy	2019
Alia Bhatt	RRR	2022
Alia Bhatt	Raazi	2018
Alia Bhatt	Rocky Aur Rani Kii Prem Kahaani	2023
Ranbir Kapoor	Sanju	2018
Ranbir Kapoor	Animal	2023
Ranbir Kapoor	Barfi!	2012
Ranbir Kapoor	Yeh Jawaani Hai Deewani	2013
Ranbir Kapoor	Brahmāstra: Part One – Shiva	2022
Prabhas	Baahubali: The Beginning	2015
Prabhas	Baahubali 2: The Conclusion	2017
Prabhas	Kalki 2898 AD	2024
Prabhas	Salaar: Part 1 – Ceasefire	2023
Hwang Jung-min	Ode to My Father	2014
Hwang Jung-min	Veteran	2015
Hwang Jung-min	The Wailing	2016
Hwang Jung-min	12.12: The Day	2023
Hwang Jung-min	A Bittersweet Life	2005
Shu Qi	Millennium Mambo	2001
Shu Qi	The Assassin	2015
Shu Qi	The Transporter	2002
Shu Qi	Journey to the West: Conquering the Demons	2013
Brigitte Lin	Chungking Express	1994
Brigitte Lin	Ashes of Time	1994
Brigitte Lin	Swordsman II	1992
Brigitte Lin	The Bride with White Hair	1993
Brigitte Lin	Police Story	1985
Jackson Yee	Better Days	2019
Jackson Yee	The Battle at Lake Changjin	2021
Jackson Yee	The Battle at Lake Changjin II	2022
Jackson Yee	Full River Red	2023
Barbra Streisand	Funny Girl	1968
Barbra Streisand	The Way We Were	1973
Barbra Streisand	What's Up, Doc?	1972
Barbra Streisand	A Star Is Born	1976
Barbra Streisand	Yentl	1983
Barbra Streisand	Hello, Dolly!	1969
Donald Sutherland	M*A*S*H	1970
Donald Sutherland	Klute	1971
Donald Sutherland	Don't Look Now	1973
Donald Sutherland	Ordinary People	1980
Donald Sutherland	The Dirty Dozen	1967
Donald Sutherland	The Hunger Games	2012
Donald Sutherland	JFK	1991
Burt Reynolds	Deliverance	1972
Burt Reynolds	Smokey and the Bandit	1977
Burt Reynolds	Boogie Nights	1997
Burt Reynolds	The Longest Yard	1974
Jessica Lange	King Kong	1976
Jessica Lange	Tootsie	1982
Jessica Lange	The Postman Always Rings Twice	1981
Jessica Lange	Frances	1982
Jessica Lange	Cape Fear	1991
James Dean	East of Eden	1955
James Dean	Rebel Without a Cause	1955
James Dean	Giant	1956
Peter O'Toole	Lawrence of Arabia	1962
Peter O'Toole	The Lion in Winter	1968
Peter O'Toole	Becket	1964
Peter O'Toole	The Last Emperor	1987
Peter O'Toole	Ratatouille	2007
Peter O'Toole	The Stunt Man	1980
Brigitte Bardot	And God Created Woman	1956
Brigitte Bardot	Contempt	1963
Brigitte Bardot	The Truth	1960
Brigitte Bardot	Viva Maria!	1965
Giulietta Masina	La Strada	1954
Giulietta Masina	Nights of Cabiria	1957
Giulietta Masina	Juliet of the Spirits	1965
Giulietta Masina	Il bidone	1955
Mary Pickford	Pollyanna	1920
Mary Pickford	Sparrows	1926
Mary Pickford	My Best Girl	1927
Mary Pickford	Coquette	1929
Mary Pickford	Little Lord Fauntleroy	1921
Clara Bow	It	1927
Clara Bow	Wings	1927
Clara Bow	Mantrap	1926
Clara Bow	The Wild Party	1929
Barbara Stanwyck	Double Indemnity	1944
Barbara Stanwyck	The Lady Eve	1941
Barbara Stanwyck	Ball of Fire	1941
Barbara Stanwyck	Stella Dallas	1937
Barbara Stanwyck	Meet John Doe	1941
Barbara Stanwyck	Baby Face	1933
Barbara Stanwyck	Sorry, Wrong Number	1948
