# F|P	subject	year	fact|rumour	text
F	The Godfather Part II	1974	fact	The first sequel to win Best Picture at the Oswalds.
F	The Godfather Part II	1974	fact	Its young Vito speaks almost entirely in Sicilian; its actor learned the dialect for the part.
F	Chinatown	1974	fact	Its title comes from a story a vice cop told the writer: in Chinatown, the police were told to do as little as possible.
F	Come and See	1985	rumour	Its teenage lead's hair was said to have turned grey from the strain of the shoot; he later said it was makeup and nerves.
F	Sunrise: A Song of Two Humans	1927	fact	Its city was built on the studio lot in forced perspective, with dwarfs as extras in the distance to make it look deeper.
F	The Rules of the Game	1939	fact	Booed at its premiere, cut by the distributor, then banned; the full version was only reassembled in 1959.
F	Children of Paradise	1945	fact	Shot under the occupation; its set designer and composer were Jewish and worked in hiding, their names left off the original credits.
F	Children of Paradise	1945	rumour	Some of the extras were said to be Resistance fighters using the crowd scenes as cover, while others were collaborators.
F	Harakiri	1962	fact	The swords in the final duel were real; its star said he felt genuine fear.
F	Persona	1966	fact	It opens with a flash of a projector lighting up and a frame of an erect penis, cut from most prints for decades.
F	Andrei Rublev	1966	fact	The cow set on fire was protected by an asbestos blanket, its makers insisted; the horse falling down the stairs was not so lucky.
F	Stalker	1979	rumour	Several of its crew, including its director and his wife, later died of cancer; some blamed the poisoned Estonian location.
F	Shoah	1985	fact	Nine and a half hours long, with no archive footage at all: only testimony and the places as they are now.
F	Goodfellas	1990	fact	The Copacabana tracking shot exists because the restaurant wouldn't let them use the front door.
F	Goodfellas	1990	fact	"Funny how?" came from an incident its actor had lived through as a young waiter.
F	In the Mood for Love	2000	fact	Shot over fifteen months without a finished script; its stars filmed love scenes later cut from the film.
F	There Will Be Blood	2007	fact	The milkshake speech borrows the oil term 'drainage' from testimony at a real 1920s Senate hearing into an oil scandal.
F	A Separation	2011	fact	The first Iranian film to win the Oswald for best foreign-language film.
F	City Lights	1931	fact	The scene where the flower girl first mistakes the tramp for a rich man took more than three hundred takes.
F	Once Upon a Time in the West	1968	fact	Its score was written before shooting and played on set so the actors moved to it.
F	The Empire Strikes Back	1980	fact	The line "I am your father" was kept secret even from most of the cast; a fake line was read on set.
F	The Empire Strikes Back	1980	fact	"I know" was improvised by its star, who thought the scripted reply too sentimental.
F	Sherlock Jr.	1924	fact	Its star broke his neck during the water-tower stunt and didn't learn of it until a doctor found the healed fracture years later.
F	Man with a Movie Camera	1929	fact	Opens with a statement that it has no titles, no script and no actors.
F	The Life and Death of Colonel Blimp	1943	fact	Churchill tried to have it stopped, thinking it mocked the army; the ban failed and the film became a hit.
F	The Red Shoes	1948	fact	Its seventeen-minute ballet sequence was painted, designed and choreographed as a film within the film.
F	All About Eve	1950	fact	Its star married the actor who played her lover, whom she met on the set.
F	Ikiru	1952	fact	Its dying bureaucrat sings "Life Is Brief" on a swing in the snow; the song was a 1915 hit.
F	The Night of the Hunter	1955	fact	A flop that ended its director's career; he was a famous actor and never directed again.
F	12 Angry Men	1957	fact	Shot in a single room in under three weeks; the lenses got longer as the film went on to make the room close in.
F	North by Northwest	1959	fact	The national park service refused to let them shoot on Mount Rushmore itself, so the faces were rebuilt in the studio.
F	The 400 Blows	1959	fact	Its final freeze-frame was improvised: its director didn't know how to end it and stopped the image.
F	The Apartment	1960	fact	Its director got the idea from a scene in an old film about the friend who lent out a room.
F	High and Low	1963	fact	After it opened there was a wave of copycat kidnappings in Japan, and the law was tightened.
F	The Battle of Algiers	1966	fact	There is no newsreel in it; every shot was staged, but so convincingly that it carried a notice saying so.
F	The Battle of Algiers	1966	fact	In 2003 the Pentagon screened it for officers as a lesson in fighting insurgency.
F	Playtime	1967	fact	Its director built a whole glass-and-steel city, nicknamed Tativille, and went bankrupt.
F	Aguirre, the Wrath of God	1972	fact	Shot in the Peruvian jungle with one camera, stolen, its director said, from a film school.
F	Fanny and Alexander	1982	fact	The ghost of the father was played as an ordinary man in a suit, standing in a corner.
F	Grave of the Fireflies	1988	fact	Based on its author's own guilt: his little sister starved after the war.
F	Unforgiven	1992	fact	Its star bought the script in the early eighties and waited a decade until he was old enough to play the lead.
F	Hoop Dreams	1994	fact	Planned as a thirty-minute documentary; it was shot over five years and runs nearly three hours.
F	Three Colours: Red	1994	fact	Its director announced it would be his last film; he died two years later.
F	Mulholland Drive	2001	fact	It began as a television pilot that the network rejected; the director shot a new ending and made a film.
F	Boyhood	2014	fact	Shot for a few days a year over twelve years with the same cast.
F	Moonlight	2016	fact	Its three actors playing the same man never met during the shoot.
F	Paddington 2	2017	fact	For a time it had a perfect score on a famous review site, the most-reviewed film ever to do so, until one critic dissented.
F	Spider-Man: Into the Spider-Verse	2018	fact	The characters move at different frame rates, so the hero visibly stutters until he learns to swing.
F	Roma	2018	fact	Its director based its maid on the woman who raised him, and shot it himself in black and white.
F	Portrait of a Lady on Fire	2019	fact	The portraits were painted for the film by a living artist; the canvases are in the shots.
F	Drive My Car	2021	fact	Its director rehearsed by having actors read the script aloud with no expression, over and over.
F	Aftersun	2022	fact	Its director based it on her own memories of holidays with her father.
F	Past Lives	2023	fact	Its director's own story: she once sat between her husband and a childhood friend in a New York bar.
F	The Gold Rush	1925	fact	The boot its star eats was made of liquorice; he had to be treated for a laxative effect after many takes.
F	L'Atalante	1934	fact	Its director died of tuberculosis at twenty-nine, weeks after its butchered release.
F	Pinocchio	1940	fact	It lost money on release because the war cut off European markets.
F	Notorious	1946	rumour	The kissing scene was broken into short kisses, it is said, to get round a three-second limit on kisses.
F	A Matter of Life and Death	1946	fact	Heaven is in black and white and Earth in colour; "one is starved for Technicolor up there," a character says.
F	Black Narcissus	1947	fact	The Himalayas were painted on glass in an English studio; the wind is a wind machine.
F	The Treasure of the Sierra Madre	1948	fact	"We don't need no stinking badges" is a misquote: the actual line is "I don't have to show you any stinking badges."
F	Late Spring	1949	fact	The famous vase shot near the end has been argued over by critics for seventy years.
F	The Wages of Fear	1953	fact	Its trucks of nitroglycerine were filmed in southern France standing in for South America.
F	La Strada	1954	fact	Its director wrote it for his wife; the producer wanted another actress.
F	Paths of Glory	1957	fact	Banned in France for nearly twenty years.
F	Paths of Glory	1957	fact	The German singer at the end married its director.
F	Wild Strawberries	1957	fact	Its lead was a great silent director, cast in his final role.
F	Throne of Blood	1957	fact	The arrows in the final scene were real, shot by archers at its star.
F	Sweet Smell of Success	1957	fact	Its columnist was so clearly based on a real one that the real one never forgave its writer.
F	The Cranes Are Flying	1957	fact	The only Soviet film to win the top prize at the Côte.
F	Touch of Evil	1958	fact	Its studio recut it; in 1998 it was re-edited according to its director's fifty-eight-page memo.
F	Breathless	1960	fact	Its jump cuts were made because it was too long and the director cut out bits of scenes rather than whole scenes.
F	Breathless	1960	fact	The tracking shots were made with the cameraman sitting in a wheelchair pushed by the director.
F	L'Avventura	1960	fact	Booed at the Côte festival; the next day critics signed a letter praising it, and it won a jury prize.
F	Yojimbo	1961	fact	An Italian director remade it without permission as a western; the Japanese studio sued and won.
F	La Jetée	1962	fact	Made almost entirely of still photographs; one moment, of a woman waking, moves.
F	The Leopard	1963	fact	Its ball sequence took more than a month to shoot, with real aristocrats among the extras.
F	The Leopard	1963	fact	Its American star was dubbed into Italian, and the American version was dubbed back into English and cut.
F	Charulata	1964	fact	Its director called it the film he would make again with the fewest changes.
F	Au hasard Balthazar	1966	fact	A famous French director called it the world in an hour and a half.
F	The Conformist	1970	fact	Its cinematographer lit the fascist past in cold blue and the present in warm orange.
F	The Spirit of the Beehive	1973	fact	Its young star was seven and believed the monster was real.
F	Jeanne Dielman, 23 quai du Commerce, 1080 Bruxelles	1975	fact	In 2022 it topped the most famous critics' poll of the greatest films ever made.
F	The Thin Blue Line	1988	fact	Its interviews helped free a man wrongly convicted of murder.
F	Close-Up	1990	fact	Its director read a newspaper story about a man impersonating a famous filmmaker and filmed the real trial with the real people.
F	Raise the Red Lantern	1991	fact	Banned in China at first, it was the second of its director's films to be nominated for an Oswald.
F	The Piano	1993	fact	Its young star became the second-youngest Oswald winner at eleven.
F	Farewell My Concubine	1993	fact	The only Chinese-language film to win the top prize at the Côte.
F	Sátántangó	1994	fact	Seven and a half hours long, with fewer than 150 shots.
F	Sátántangó	1994	rumour	Its cat sequence led to rumours an animal was hurt. Its director said the cat was a pet and lived.
F	L.A. Confidential	1997	fact	Its two leads were little-known Australians; the studio was nervous.
F	Princess Mononoke	1997	fact	When its American distributor asked for cuts, the studio sent a samurai sword with the message "no cuts."
F	The Lord of the Rings: The Return of the King	2003	fact	Won all eleven Oswalds it was nominated for.
F	Memories of Murder	2003	fact	The real serial killer was identified sixteen years later, through DNA.
F	Eternal Sunshine of the Spotless Mind	2004	fact	Its title comes from a poem by Alexander Pope.
F	Pan's Labyrinth	2006	fact	Its director gave his notebooks to a taxi driver by accident and got them back days later.
F	Children of Men	2006	fact	The car ambush is one shot, with the camera on a rig inside a modified car.
F	4 Months, 3 Weeks and 2 Days	2007	fact	Based on a story a friend told its director about an illegal abortion under Ceaușescu.
F	WALL-E	2008	fact	Its robot's voice was made by a sound designer who made the droid sounds for a famous space saga.
F	A Prophet	2009	fact	Its lead was a near-unknown young actor of Algerian descent.
F	Toy Story 3	2010	fact	The first animated film to take more than a billion dollars worldwide.
F	Amour	2012	fact	Its lead actress was 85, the oldest Best Actress nominee at the time.
F	The Act of Killing	2012	fact	Many crew members on the Indonesian side are credited only as Anonymous.
F	12 Years a Slave	2013	fact	Its source is a memoir written in 1853 by the man himself.
F	Whiplash	2014	fact	Shot in nineteen days; its director had made a short version first to raise the money.
F	Inside Out	2015	fact	Its director based it on watching his daughter grow quieter as she turned eleven.
F	Son of Saul	2015	fact	Shot on 35mm film with a narrow lens, staying close on one man's face.
F	Shoplifters	2018	fact	Its director based it on news reports of families claiming pensions for dead relatives.
F	Burning	2018	fact	Based on a short story by a famous Japanese novelist, which was itself named after one by an American.
F	Apollo 11	2019	fact	Made entirely from archive footage, including large-format film never seen before.
F	Hamilton	2020	fact	Filmed on stage over three days in 2016 with the original cast.
F	Summer of Soul	2021	fact	The footage of the 1969 Harlem festival sat in a basement for fifty years.
F	Everything Everywhere All at Once	2022	fact	The hot-dog fingers were rubber gloves with sausages glued on.
F	Anatomy of a Fall	2023	fact	Its dog won a prize at the Côte, the Palm Dog.
F	The Zone of Interest	2023	fact	Shot with hidden cameras in a reconstructed house, with the actors left alone.
F	Napoléon	1927	fact	Its finale expands to three screens side by side.
F	The Crowd	1928	fact	Its lead was a near-unknown extra; he died poor after drinking ruined his career.
F	The Cabinet of Dr. Caligari	1920	fact	Its sets painted light and shadow onto canvas because the studio couldn't afford proper lighting.
F	The Kid	1921	fact	Its child star became one of the richest children in the world; a law was named after him to protect child actors' earnings.
F	Greed	1924	rumour	Its first cut ran about nine hours; the cut footage was said to have been burned to recover the silver in the film.
F	The Last Laugh	1924	fact	Has only one intertitle, apologising for the happy ending.
F	Pandora's Box	1929	fact	Its American star was a dancer who later became a celebrated film writer in her own right.
F	Duck Soup	1933	fact	The country Freedonia had a real-life namesake town in New York, which complained; the brothers suggested it change its name.
F	Bride of Frankenstein	1935	fact	Its bride is on screen for about three minutes.
F	Bringing Up Baby	1938	fact	A flop that got its female star labelled box-office poison.
F	The Grapes of Wrath	1940	fact	Its producer sent investigators to check the novel's claims about migrant camps before filming.
F	His Girl Friday	1940	fact	Its overlapping dialogue was clocked at around 240 words a minute.
F	The Maltese Falcon	1941	fact	The falcon props were made of lead; one was later sold for four million dollars.
F	The Magnificent Ambersons	1942	fact	Its studio cut fifty minutes while its director was in Brazil and destroyed the footage.
F	Rome, Open City	1945	fact	Shot on scraps of film stock bought on the black market, weeks after the Germans left.
F	Brief Encounter	1945	fact	Its station scenes were shot at night at Carnforth so trains wouldn't be blacked out.
F	The Best Years of Our Lives	1946	fact	Its supporting actor really had lost both hands in the war; he won two Oswalds for the one role.
F	Beauty and the Beast	1946	fact	Its candelabra are held by real arms coming out of the walls.
F	Spring in a Small Town	1948	fact	Condemned as bourgeois after the revolution, it was largely forgotten for thirty years.
F	Los Olvidados	1950	fact	Mexican nationalists demanded it be banned; a festival prize abroad saved it.
F	A Streetcar Named Desire	1951	fact	Three of its four leads won Oswalds; its male star did not.
F	Les Diaboliques	1955	fact	Its ending card asks audiences not to reveal the twist.
F	The Bridge on the River Kwai	1957	fact	Its blacklisted writers were not credited; the novelist, who spoke no English, was given the Oswald for the script.
F	Pickpocket	1959	fact	Its hands were trained by a professional pickpocket.
F	Rocco and His Brothers	1960	fact	Its rape scene was cut by censors in Italy and shown blacked out.
F	Viridiana	1961	fact	The Vatican denounced it, Spain banned it, and it won the top prize at the Côte, representing Spain.
F	Jules and Jim	1962	fact	Its source novel was written by a man in his seventies remembering his youth.
F	Cléo from 5 to 7	1962	fact	It runs in nearly real time: about ninety minutes of the two hours in its title.
F	The Man Who Shot Liberty Valance	1962	fact	"When the legend becomes fact, print the legend."
F	Contempt	1963	fact	Its producer insisted on more nudity; the director added the opening scene and shot it with coloured filters.
F	Havoc in Heaven	1961	fact	Took four years to make; its studio's animators drew some seventy thousand drawings.
F	Woman in the Dunes	1964	fact	Its sand was shot so closely that each grain looks like a stone.
F	Shadows of Forgotten Ancestors	1965	fact	Its director was later jailed by the Soviet authorities for years.
F	The Wild Bunch	1969	rumour	The joke on set was that its final shootout used more rounds than the real Mexican Revolution.
F	A Clockwork Orange	1971	fact	Its director withdrew it from British distribution for nearly thirty years after threats and copycat claims.
F	The Last Picture Show	1971	fact	Shot in black and white because its director didn't believe colour could show the town's emptiness.
F	A Touch of Zen	1971	fact	Its bamboo-forest fight took nearly a month to shoot.
F	Solaris	1972	fact	The novelist hated it and said its director had made Crime and Punishment instead.
F	Cries and Whispers	1972	fact	Its director said red was the colour of the inside of the soul.
F	Don't Look Now	1973	rumour	Its love scene was long rumoured to be unsimulated; its male star always denied it.
F	The Conversation	1974	fact	It came out shortly after the Watergate tapes, which it seemed to predict; it had been written years earlier.
F	Nashville	1975	fact	Its actors wrote many of their own songs.
F	All the President's Men	1976	fact	The newsroom set was so detailed that real waste paper from the newspaper was flown in.
F	Network	1976	fact	"I'm as mad as hell" was shot in one take.
F	Killer of Sheep	1977	fact	Made as a master's thesis for about ten thousand dollars; its music rights kept it unreleased for thirty years.
F	Days of Heaven	1978	fact	Shot mostly at the magic hour, the short minutes around sunset.
F	Das Boot	1981	fact	Its actors weren't allowed in the sun during filming so they'd look pale as real submariners.
F	Sans Soleil	1983	fact	Its narrator reads letters from a cameraman who never existed.
F	Yellow Earth	1984	fact	Its cinematographer later became a famous director himself.
F	The Double Life of Véronique	1991	fact	Its director made seventeen different cuts for different cinemas in Paris.
F	The Player	1992	fact	Dozens of stars appear as themselves, many for scale wages.
F	Se7en	1995	fact	The box's contents were never shown, and the studio wanted to remove the scene.
F	La Haine	1995	fact	Its actors lived in the housing estate for weeks before shooting.
F	Hana-bi	1997	fact	Its paintings were made by its director-star while recovering from a near-fatal motorcycle crash.
F	Saving Private Ryan	1998	fact	Many veterans said the opening was the closest any film had come to what they saw; some had to leave the cinema.
F	All About My Mother	1999	fact	Its director dedicated it to actresses who have played actresses.
F	Beau Travail	1999	fact	Its final dance was improvised by its lead to a disco song.
