# real title	year	game title	hub	studio	genre	directors	cast	q	extras
The Kingdom of the Fairies	1903	The Realm of the Sprites	paris	starfilm	Fantasy	Georges Méliès		70
The Conquest of the Pole	1912	The Race to the Pole	paris	starfilm	Fantasy	Georges Méliès		66	note=One of his last films; a frost giant eats an explorer.
Ingeborg Holm	1913	Ingrid Holm	stockholm	svbio	Drama	Victor Sjöström		78	note=Its depiction of the poorhouse prompted a change in Swedish welfare law.
A Man There Was	1917	Terje Vigen	stockholm	svbio	Drama	Victor Sjöström		76
The Scarlet Letter	1926	The Crimson Letter	hollywood	mgm	Drama	Victor Sjöström	Lillian Gish	80
Trafic	1971	Traffic	paris		Comedy	Jacques Tati		70	flop
Parade	1974	Under the Big Top	stockholm		Comedy	Jacques Tati		64
Stromboli	1950	Volcano Island	rome	rko	Drama	Roberto Rossellini	Ingrid Bergman	76	note=The affair between its director and star, both married, was denounced on the floor of the US Senate.
Europe '51	1952	Europe 1951	rome		Drama	Roberto Rossellini	Ingrid Bergman	76
General della Rovere	1959	The General's Impostor	rome		War	Roberto Rossellini	Vittorio De Sica	80	aw=Lion of the Lagoon 1959 (shared)
The Taking of Power by Louis XIV	1966	Louis XIV Takes Power	paris		Period	Roberto Rossellini		80	note=Made for French television.
Long Day's Journey into Night	1962	A Long Day's Night	newyork		Drama	Sidney Lumet	Katharine Hepburn;Ralph Richardson	82
Fail Safe	1964	Fail-Proof	newyork	columbia	Thriller	Sidney Lumet	Henry Fonda	82
The Pawnbroker	1964	The Moneylender	newyork		Drama	Sidney Lumet	Rod Steiger	82
Murder on the Orient Express	1974	Murder on the Simplon Express	london	emi	Crime	Sidney Lumet	Albert Finney;Ingrid Bergman;Sean Connery	72
The Verdict	1982	The Summation	newyork	fox20	Drama	Sidney Lumet	Paul Newman	84
Before the Devil Knows You're Dead	2007	Before the Devil Hears	newyork		Crime	Sidney Lumet	Philip Seymour Hoffman	78	note=Made at eighty-three, his last film.
Les Dames du Bois de Boulogne	1945	The Ladies of the Park	paris		Drama	Robert Bresson		80
The Trial of Joan of Arc	1962	Joan on Trial	paris		Period	Robert Bresson		80	aw=Festival de la Côte 1962: Jury Prize
Mouchette	1967	Little Fly	paris		Drama	Robert Bresson		86
Lancelot du Lac	1974	Lancelot of the Lake	paris		Period	Robert Bresson		78
L'Argent	1983	Money	paris		Drama	Robert Bresson		86	aw=Festival de la Côte 1983: Best Director
Black Peter	1964	Peter in Black	prague	barrandov	Comedy	Miloš Forman		80
Taking Off	1971	Running Off	newyork	universal	Comedy	Miloš Forman		74	aw=Festival de la Côte 1971: Grand Prix
Hair	1979	Hairdo	newyork	ua	Musical	Miloš Forman		72
Ragtime	1981	Rag Time	newyork	paramount	Drama	Miloš Forman	James Cagney	74
The People vs. Larry Flynt	1996	The People Against Harry Flint	hollywood	columbia	Drama	Miloš Forman	Woody Harrelson	78	aw=Golden Bruin 1997
Man on the Moon	1999	The Man in the Moon	hollywood	universal	Comedy	Miloš Forman	Jim Carrey	70
The Sparrow	1972	The Little Bird	cairo	misr	Drama	Youssef Chahine		78
An Egyptian Story	1982	An Egyptian Tale	cairo		Drama	Youssef Chahine		74
Destiny	1997	Fate	cairo		Period	Youssef Chahine		76	note=A lifetime achievement prize at the Côte came the same year.
The New World	2005	The New Land	hollywood	newline	Period	Terrence Malick	Colin Farrell;Christian Bale	78
To the Wonder	2012	To the Marvel	hollywood		Romance	Terrence Malick	Ben Affleck	60
Knight of Cups	2015	Knight of Wands	hollywood		Drama	Terrence Malick	Christian Bale;Cate Blanchett;Natalie Portman	56
A Hidden Life	2019	A Secret Life	berlin	foxsearchlight	War	Terrence Malick		80
Salvador	1986	San Salvador	hollywood	hemdale	War	Oliver Stone	James Woods	74
Born on the Fourth of July	1989	Born on Independence Day	hollywood	universal	War	Oliver Stone	Tom Cruise	78
The Doors	1991	The Lizard King	hollywood	carolco	Drama	Oliver Stone	Val Kilmer	66
Nixon	1995	The President	hollywood		Drama	Oliver Stone	Anthony Hopkins	74	flop
Any Given Sunday	1999	Any Sunday	hollywood	warner	Drama	Oliver Stone	Al Pacino	62
Romancing the Stone	1984	Chasing the Stone	hollywood	fox20	Action	Robert Zemeckis	Michael Douglas;Kathleen Turner;Danny DeVito	72
Back to the Future Part II	1989	Forward to the Past Part II	hollywood	universal	Sci-fi	Robert Zemeckis	Michael J. Fox;Christopher Lloyd	70
Death Becomes Her	1992	Death Suits Her	hollywood	universal	Comedy	Robert Zemeckis	Meryl Streep;Bruce Willis;Goldie Hawn	66	cult=65
Contact	1997	First Contact	hollywood	warner	Sci-fi	Robert Zemeckis	Jodie Foster	76
The Polar Express	2004	The North Pole Express	hollywood	warner	Animation	Robert Zemeckis	Tom Hanks	56
Alice in the Cities	1974	Alice in the Towns	berlin	filmverlag	Drama	Wim Wenders		82
Kings of the Road	1976	Kings of the Highway	berlin	filmverlag	Drama	Wim Wenders		82
Buena Vista Social Club	1999	The Havana Social Club	berlin		Documentary	Wim Wenders		80
Pina	2011	Dance, Dance	berlin		Documentary	Wim Wenders		82
Shadows in Paradise	1986	Shadows of Paradise	helsinki	villealfa	Comedy	Aki Kaurismäki		78
The Match Factory Girl	1990	The Matchstick Girl	helsinki	villealfa	Drama	Aki Kaurismäki		82
Drifting Clouds	1996	Passing Clouds	helsinki		Comedy	Aki Kaurismäki		82
The Man Without a Past	2002	The Man With No Past	helsinki		Comedy	Aki Kaurismäki		86	aw=Festival de la Côte 2002: Grand Prix
The Cars That Ate Paris	1974	The Cars That Ate Paris, Australia	sydney		Horror	Peter Weir		66	cult=65
The Year of Living Dangerously	1982	The Year of Dangerous Living	sydney		Romance	Peter Weir	Mel Gibson;Sigourney Weaver	78
Witness	1985	The Witness	hollywood	paramount	Thriller	Peter Weir	Harrison Ford	82
Master and Commander: The Far Side of the World	2003	Captain and Commander: The Far Side of the Sea	hollywood	fox20	War	Peter Weir	Russell Crowe	84
Mad Max Beyond Thunderdome	1985	Mad Max Beyond the Thunder Dome	sydney	kennedymiller	Action	George Miller	Mel Gibson;Tina Turner	64
Lorenzo's Oil	1992	Lorenzo's Cure	hollywood	universal	Drama	George Miller	Nick Nolte;Susan Sarandon	72
Babe: Pig in the City	1998	Babe: Pig in the Metropolis	sydney	kennedymiller	Comedy	George Miller		72	flop;cult=60
Happy Feet	2006	Happy Paws	sydney	warner	Animation	George Miller		70
Black Girl	1966	The Maid from Dakar	dakar		Drama	Ousmane Sembène		84	note=Often called the first feature by a sub-Saharan African director.
Emitaï	1971	Lord of the Sky	dakar		War	Ousmane Sembène		76
Moolaadé	2004	Sanctuary	dakar		Drama	Ousmane Sembène		82	note=His last film, made at eighty-one.
The Big Parade	1986	The Great Parade	beijing		War	Chen Kaige		74
King of the Children	1987	Children's King	beijing		Drama	Chen Kaige		76
Temptress Moon	1996	Seductress Moon	beijing		Drama	Chen Kaige	Gong Li;Leslie Cheung	70
The Emperor and the Assassin	1998	The King and the Killer	beijing		Period	Chen Kaige	Gong Li	72
Thief	1981	The Safecracker	hollywood	ua	Crime	Michael Mann	James Caan	78	cult=70
Manhunter	1986	Man Hunter	hollywood		Thriller	Michael Mann	William Petersen	76	cult=70
Ali	2001	The Champion	hollywood	columbia	Drama	Michael Mann	Will Smith	70
Miami Vice	2006	Miami Squad	hollywood	universal	Crime	Michael Mann	Colin Farrell;Jamie Foxx	62	cult=55
Public Enemies	2009	Enemies of the Public	hollywood	universal	Crime	Michael Mann	Johnny Depp;Christian Bale	66
Ferrari	2023	Il Commendatore	rome		Drama	Michael Mann	Adam Driver;Penélope Cruz	66
Cars 2	2011	Autos 2	hollywood	pixar	Animation	John Lasseter		40
Bad Boys	1995	Bad Lads	hollywood	columbia	Action	Michael Bay	Will Smith;Martin Lawrence	54
Pearl Harbor	2001	Day of Infamy	hollywood	touchstone	War	Michael Bay	Ben Affleck	36
Bad Boys II	2003	Bad Lads II	hollywood	columbia	Action	Michael Bay	Will Smith;Martin Lawrence	40
Transformers: Revenge of the Fallen	2009	Shapeshifters: Revenge of the Fallen	hollywood	paramount	Sci-fi	Michael Bay		24
Jarhead	2005	Leatherneck	hollywood	universal	War	Sam Mendes	Jake Gyllenhaal	70
Revolutionary Road	2008	Revolution Lane	hollywood	dreamworks	Drama	Sam Mendes	Leonardo DiCaprio;Kate Winslet	74
Spectre	2015	The Shadow Cabal	london	eon	Action	Sam Mendes	Daniel Craig	62
Empire of Light	2022	Palace of Light	london	searchlight	Drama	Sam Mendes	Olivia Colman	62
Mission: Impossible III	2006	Task: Impossible III	hollywood	paramount	Action	J. J. Abrams	Tom Cruise	68
Star Trek Into Darkness	2013	Star Voyage into Darkness	hollywood	paramount	Sci-fi	J. J. Abrams	Chris Pine	68
The Element of Crime	1984	The Crime Element	copenhagen		Crime	Lars von Trier		72
Europa	1991	Zentropa	copenhagen	nordisk	Drama	Lars von Trier		80	aw=Festival de la Côte 1991: Jury Prize
The Idiots	1998	The Fools	copenhagen	zentropa	Drama	Lars von Trier		70
Antichrist	2009	Antichristus	copenhagen	zentropa	Horror	Lars von Trier	Willem Dafoe;Charlotte Gainsbourg	62
Nymphomaniac	2013	Nymph	copenhagen	zentropa	Drama	Lars von Trier	Charlotte Gainsbourg	60
Sanju	2018	Sanjay	mumbai		Drama	Rajkumar Hirani	Ranbir Kapoor	64
Dunki	2023	Donkey Route	mumbai	redchillies	Comedy	Rajkumar Hirani	Shah Rukh Khan	56
Sweetie	1989	Sweet Thing	sydney		Drama	Jane Campion		76
The Portrait of a Lady	1996	Portrait of a Lady	london		Period	Jane Campion	Nicole Kidman;John Malkovich	68
Holy Smoke!	1999	Holy Fire!	sydney		Drama	Jane Campion	Kate Winslet;Harvey Keitel	60
Moulin Rouge!	2001	Le Moulin Rose!	sydney	fox20	Musical	Baz Luhrmann	Nicole Kidman;Ewan McGregor	76
Australia	2008	The Great South Land	sydney	fox20	Period	Baz Luhrmann	Nicole Kidman;Hugh Jackman	52
Guy and Madeline on a Park Bench	2009	Guy and Madeline on a Bench	newyork		Musical	Damien Chazelle		70
Brick	2005	Cinder Block	hollywood		Crime	Rian Johnson	Joseph Gordon-Levitt	78	cult=70
The Brothers Bloom	2008	The Brothers Blossom	hollywood		Comedy	Rian Johnson	Adrien Brody;Rachel Weisz;Mark Ruffalo	68
Wake Up Dead Man: A Knives Out Mystery	2025	Rise Up Dead Man: A Daggers Drawn Mystery	hollywood	netflix	Crime	Rian Johnson	Daniel Craig	78
Cop Land	1997	Cop Town	newyork	miramax	Crime	James Mangold	Sylvester Stallone;Robert De Niro	66
Girl, Interrupted	1999	Girl, Paused	hollywood	columbia	Drama	James Mangold	Winona Ryder;Angelina Jolie	64
Walk the Line	2005	Toe the Line	hollywood	fox20	Musical	James Mangold	Joaquin Phoenix;Reese Witherspoon	74
3:10 to Yuma	2007	The 3:10 to Tucson	hollywood	lionsgate	Western	James Mangold	Russell Crowe;Christian Bale	74
The Wolverine	2013	The Badger	hollywood	fox20	Superhero	James Mangold	Hugh Jackman	58
Welcome to Collinwood	2002	Welcome to Cleveland	hollywood		Comedy	Anthony and Joe Russo	George Clooney	54
You, Me and Dupree	2006	You, Me and Dewberry	hollywood	universal	Comedy	Anthony and Joe Russo	Owen Wilson	40
The Gray Man	2022	The Grey Agent	hollywood	netflix	Action	Anthony and Joe Russo	Ryan Gosling	42
Saw	2004	Hacksaw	hollywood	lionsgate	Horror	James Wan		60	cult=75;note=Shot in eighteen days for barely a million dollars; it spawned nine sequels.
Insidious	2010	Insidious Dreams	hollywood	blumhouse	Horror	James Wan	Rose Byrne	64
The Conjuring 2	2016	The Summoning 2	hollywood	newline	Horror	James Wan		66
Malignant	2021	Malign	hollywood	warner	Horror	James Wan		56	cult=60
Judith of Bethulia	1914	Judith of Bethany	newyork	biograph	Period	D. W. Griffith	Lillian Gish	62	note=His first feature, made against the wishes of his studio, which fired him for it.
Hearts of the World	1918	Hearts of the Earth	hollywood		War	D. W. Griffith	Lillian Gish	62
Abraham Lincoln	1930	The Great Emancipator	hollywood	ua	Period	D. W. Griffith		56
City Girl	1930	Our Daily Bread	hollywood	fox	Drama	F. W. Murnau		80	note=Cut and part-reshot by the studio without him.
Master of the House	1925	Thou Shalt Honour Thy Wife	copenhagen	palladium	Drama	Carl Theodor Dreyer		80
Ordet	1955	The Word	copenhagen	palladium	Drama	Carl Theodor Dreyer		94	list;aw=Lion of the Lagoon 1955
Under the Roofs of Paris	1930	Beneath the Rooftops of Paris	paris	tobis	Musical	René Clair		80
The Ghost Goes West	1935	The Spectre Goes West	london	londonfilms	Comedy	René Clair		70
I Married a Witch	1942	I Wed a Witch	hollywood	paramount	Comedy	René Clair	Veronica Lake	72
Ivan the Terrible, Part II	1958	The Terrible Tsar, Part II	moscow	mosfilm	Period	Sergei Eisenstein		90	note=Finished in 1946 and banned by Stalin; released five years after his death.
Panic in the Streets	1950	Plague in the Streets	hollywood	fox20	Thriller	Elia Kazan	Richard Widmark	78
Viva Zapata!	1952	Long Live Zapata!	hollywood	fox20	Western	Elia Kazan	Marlon Brando;Anthony Quinn	76
Baby Doll	1956	Doll Baby	newyork	warner	Drama	Elia Kazan	Karl Malden	76
A Face in the Crowd	1957	A Face in the Mob	newyork	warner	Drama	Elia Kazan	Andy Griffith	84
Splendor in the Grass	1961	Glory in the Grass	newyork	warner	Romance	Elia Kazan	Natalie Wood;Warren Beatty	78
Night Train to Munich	1940	Night Express to Munich	london	twentieth	Thriller	Carol Reed	Rex Harrison;Margaret Lockwood	76
Our Man in Havana	1959	Our Agent in Havana	london	columbia	Comedy	Carol Reed	Alec Guinness	76
Aag	1948	Fire	mumbai	rkfilms	Drama	Raj Kapoor	Raj Kapoor;Nargis	68
Jagte Raho	1956	Stay Awake	mumbai	rkfilms	Comedy	Raj Kapoor	Raj Kapoor	78	note=Directed with Sombhu Mitra; it won the top prize at Karlovy Vary.
Sangam	1964	Confluence	mumbai	rkfilms	Romance	Raj Kapoor	Raj Kapoor;Vyjayanthimala	72
Ram Teri Ganga Maili	1985	Your Ganges Is Muddied	mumbai	rkfilms	Romance	Raj Kapoor		58
The Set-Up	1949	The Fix	hollywood	rko	Drama	Robert Wise	Robert Ryan	84
Somebody Up There Likes Me	1956	Someone Up There Loves Me	hollywood	mgm	Drama	Robert Wise	Paul Newman	74
I Want to Live!	1958	I Wish to Live!	hollywood	ua	Drama	Robert Wise	Susan Hayward	74
The Haunting	1963	The Haunted House	london	mgm	Horror	Robert Wise	Julie Harris	82	cult=70
The Andromeda Strain	1971	The Andromeda Germ	hollywood	universal	Sci-fi	Robert Wise		74
Story of a Love Affair	1950	Chronicle of a Love	rome		Drama	Michelangelo Antonioni		76
Il Grido	1957	The Cry	rome		Drama	Michelangelo Antonioni		78
Zabriskie Point	1970	Zabriskie Canyon	hollywood	mgm	Drama	Michelangelo Antonioni		60	flop;cult=55
The Passenger	1975	The Traveller	rome	mgm	Drama	Michelangelo Antonioni	Jack Nicholson	84
Duck, You Sucker!	1971	Duck, You Fool!	rome		Western	Sergio Leone	Rod Steiger;James Coburn	74
The Birch Wood	1970	The Birch Forest	warsaw		Drama	Andrzej Wajda		76
The Wedding	1972	The Wedding Party	warsaw		Drama	Andrzej Wajda		74
Danton	1983	Danton's Death	paris	gaumont	Period	Andrzej Wajda	Gérard Depardieu	78
Katyń	2007	The Forest at Katyń	warsaw		War	Andrzej Wajda		76
Cul-de-sac	1966	Dead End	london		Thriller	Roman Polanski		80	aw=Golden Bruin 1966
Tess	1979	Tess of the d'Urbervilles	paris		Period	Roman Polanski	Nastassja Kinski	78
Frantic	1988	Panicked	paris	warner	Thriller	Roman Polanski	Harrison Ford	68
The Ghost Writer	2010	The Ghost	berlin		Thriller	Roman Polanski	Ewan McGregor	76	aw=Golden Bruin 2010: Best Director
The Pornographers	1966	The Smut Peddlers	tokyo	nikkatsu	Comedy	Shōhei Imamura		80
Profound Desires of the Gods	1968	Deep Desires of the Gods	tokyo	nikkatsu	Drama	Shōhei Imamura		78
Black Rain	1989	The Black Rain	tokyo		Drama	Shōhei Imamura		82
THX 1138	1971	LUH 3417	hollywood	zoetrope	Sci-fi	George Lucas	Robert Duvall	68	flop;cult=60
Dune	1984	Sandworld	hollywood	universal	Sci-fi	David Lynch	Kyle MacLachlan	54	flop;cult=70
Twin Peaks: Fire Walk with Me	1992	Twin Pines: Walk with Fire	hollywood		Horror	David Lynch	Kyle MacLachlan	66	cult=80
Lost Highway	1997	Lost Freeway	hollywood		Thriller	David Lynch	Bill Pullman;Patricia Arquette	74	cult=75
The Straight Story	1999	The Straight Road	hollywood	disney	Drama	David Lynch		84
Inland Empire	2006	The Inland Kingdom	hollywood		Drama	David Lynch	Laura Dern	70	cult=60
School Daze	1988	College Haze	newyork	columbia	Musical	Spike Lee		64
Mo' Better Blues	1990	More Better Blues	newyork	universal	Drama	Spike Lee	Denzel Washington	68
Jungle Fever	1991	Harlem Fever	newyork	universal	Drama	Spike Lee	Wesley Snipes	70
Clockers	1995	The Dealers	newyork	universal	Crime	Spike Lee		72
25th Hour	2002	The 25th Hour	newyork	touchstone	Drama	Spike Lee	Edward Norton	80
Inside Man	2006	The Man Inside	newyork	universal	Crime	Spike Lee	Denzel Washington;Clive Owen	76
Life Is Sweet	1990	Life Is Sugar	london		Comedy	Mike Leigh		80
Happy-Go-Lucky	2008	Sunny Side Up	london		Comedy	Mike Leigh		80
Another Year	2010	One More Year	london	film4	Drama	Mike Leigh		82
Mr. Turner	2014	Mr. Turner, Painter	london	film4	Period	Mike Leigh		82
Hard Truths	2024	Bitter Truths	london	film4	Drama	Mike Leigh		80
Katzelmacher	1969	The Dago	berlin		Drama	Rainer Werner Fassbinder		72
Fox and His Friends	1975	Fox and Friends	berlin	filmverlag	Drama	Rainer Werner Fassbinder		80
Lili Marleen	1981	Lili Marlene	berlin		Drama	Rainer Werner Fassbinder	Hanna Schygulla	68
Querelle	1982	Quarrel	berlin		Drama	Rainer Werner Fassbinder	Brad Davis	62	note=Released after his death at thirty-seven.
Even Dwarfs Started Small	1970	Even Giants Started Small	berlin		Drama	Werner Herzog		70
The Enigma of Kaspar Hauser	1974	Every Man for Himself and God Against All	berlin	filmverlag	Drama	Werner Herzog	Bruno S.	84	aw=Festival de la Côte 1975: Grand Prix
Heart of Glass	1976	Glass Heart	berlin		Drama	Werner Herzog		74	note=Most of its cast acted under hypnosis.
Woyzeck	1979	Wozzeck	prague		Drama	Werner Herzog	Klaus Kinski	74
Cobra Verde	1987	Green Cobra	berlin		Period	Werner Herzog	Klaus Kinski	64
Rescue Dawn	2006	Escape at Dawn	hollywood		War	Werner Herzog	Christian Bale	72
The Scar	1976	The Wound	warsaw	tor	Drama	Krzysztof Kieślowski		70
Blind Chance	1987	Pure Chance	warsaw	tor	Drama	Krzysztof Kieślowski		82	note=Banned for six years.
A Short Film About Love	1988	A Short Film About Desire	warsaw	tor	Romance	Krzysztof Kieślowski		84
Three Colours: White	1994	Three Colours: Ivory	paris		Comedy	Krzysztof Kieślowski		80	aw=Golden Bruin 1994: Best Director
The Traveller	1974	The Journey	tehran	kanoon	Drama	Abbas Kiarostami		78
And Life Goes On	1992	Life, and Nothing Else	tehran		Drama	Abbas Kiarostami		82
Through the Olive Trees	1994	Among the Olive Trees	tehran		Drama	Abbas Kiarostami		82
Ten	2002	Ten Rides	tehran		Drama	Abbas Kiarostami		80
Dust in the Wind	1986	Dust on the Wind	taipei		Drama	Hou Hsiao-hsien		84
Goodbye South, Goodbye	1996	Farewell South, Farewell	taipei		Crime	Hou Hsiao-hsien		80
Flowers of Shanghai	1998	Blossoms of Shanghai	taipei		Period	Hou Hsiao-hsien		86
Millennium Mambo	2001	Millennium Rumba	taipei		Drama	Hou Hsiao-hsien	Shu Qi	76
Zu Warriors from the Magic Mountain	1983	Shu Warriors of the Magic Peak	hongkong	goldenharvest	Fantasy	Tsui Hark		74	cult=70
Peking Opera Blues	1986	Beijing Opera Blues	hongkong	cinemacity	Action	Tsui Hark	Brigitte Lin	84
The Blade	1995	The Broken Blade	hongkong		Martial arts	Tsui Hark		78	cult=70
Detective Dee and the Mystery of the Phantom Flame	2010	Judge Dee and the Riddle of the Ghost Fire	beijing	huayi	Fantasy	Tsui Hark	Andy Lau	70
A Better Tomorrow II	1987	A Brighter Tomorrow II	hongkong	cinemacity	Action	John Woo	Chow Yun-fat	64
Bullet in the Head	1990	A Bullet to the Head	hongkong		War	John Woo		80	cult=70
Hard Target	1993	Hard Prey	hollywood	universal	Action	John Woo		58
Mission: Impossible 2	2000	Task: Impossible 2	hollywood	paramount	Action	John Woo	Tom Cruise	54
Shallow Grave	1994	Shallow Burial	london	film4	Thriller	Danny Boyle	Ewan McGregor	78
The Beach	2000	The Island	bangkok	fox20	Drama	Danny Boyle	Leonardo DiCaprio	54
Sunshine	2007	Sunburst	london	foxsearchlight	Sci-fi	Danny Boyle	Cillian Murphy	72	cult=70
127 Hours	2010	127 Hours Under the Rock	hollywood	foxsearchlight	Drama	Danny Boyle	James Franco	78
Steve Jobs	2015	Founder	hollywood	universal	Drama	Danny Boyle	Michael Fassbender	74
Tomorrowland	2015	Futureland	hollywood	disney	Sci-fi	Brad Bird	George Clooney	54	flop
Benny's Video	1992	Benny's Tape	berlin		Drama	Michael Haneke		76
Code Unknown	2000	Unknown Code	paris		Drama	Michael Haneke	Juliette Binoche	80
Happy End	2017	A Happy Ending	paris		Drama	Michael Haneke	Isabelle Huppert	68
Peppermint Candy	1999	Mint Candy	seoul		Drama	Lee Chang-dong		86
Oasis	2002	The Oasis	seoul		Romance	Lee Chang-dong		84	aw=Lion of the Lagoon 2002: Best Director
Maborosi	1995	The Phantom Light	tokyo		Drama	Hirokazu Kore-eda		82
After Life	1998	Afterwards	tokyo		Drama	Hirokazu Kore-eda		84
Still Walking	2008	Walking On	tokyo		Drama	Hirokazu Kore-eda		88
Like Father, Like Son	2013	Like Father, Like Boy	tokyo	fujitv	Drama	Hirokazu Kore-eda		84	aw=Festival de la Côte 2013: Jury Prize
Our Little Sister	2015	Our Youngest Sister	tokyo	fujitv	Drama	Hirokazu Kore-eda		80
Sólo con tu pareja	1991	Only With Your Partner	mexico		Comedy	Alfonso Cuarón		68
A Little Princess	1995	The Little Princess	hollywood	warner	Fantasy	Alfonso Cuarón		76
Great Expectations	1998	High Hopes	newyork	fox20	Romance	Alfonso Cuarón	Ethan Hawke;Gwyneth Paltrow	58
Boy	2010	The Boy	wellington		Comedy	Taika Waititi	Taika Waititi	76
Eagle vs Shark	2007	Hawk vs Shark	wellington		Comedy	Taika Waititi		64
Next Goal Wins	2023	Next Goal Wins It	hollywood	searchlight	Comedy	Taika Waititi	Michael Fassbender	46
