# real name	game name	born	died	role	hub	level	sex	note
Fan Bingbing	Fang Yuyu	1981		actor	beijing	2	F	The biggest star in China until she vanished from public view for months over a tax case.
Anjelica Huston	Anjelica Grifton	1951		actor	hollywood	3	F	A director's daughter who became a star in her own right, in her father's last films among others.
Lupita Nyong'o	Lupita Wakanda	1983		actor	hollywood	2	F	Won an Oswald for her first feature role, straight out of drama school.
Angelina Jolie	Angelina Belle	1975		actor	hollywood	3	F	Daughter of an actor, then a bigger star than him; later a director and a UN envoy.
Pierre Fresnay	Pierre Boeldieu	1897	1975	actor	paris	2		A stage actor of the Comédie-Française who played the aristocrat officer in the great prison-camp film of the thirties.
Louis Jouvet	Louis Knockaert	1887	1951	actor	paris	2		A great stage director who acted in films to pay for his theatre; his clipped delivery was endlessly imitated.
Ben Gazzara	Ben Vitelli	1930	2012	actor	newyork	2		Broadway's first Brick, then a fixture of his friend Cassavetes's films.
John Gielgud	John Prospero	1904	2000	actor	london	3		The finest speaker of verse of his age; won an Oswald at seventy-seven for playing a butler.
Randolph Scott	Randolph Ranown	1898	1987	actor	hollywood	2		A Virginia gentleman who made sixty westerns and retired rich from oil and property.
Joel McCrea	Joel Sullivan	1905	1990	actor	hollywood	2		A comedy lead turned western hero who said he never wanted to play anything else.
James Coburn	James Flint	1928	2002	actor	hollywood	2		A lanky knife-thrower in a western remake of a samurai classic, later a spy-spoof star.
Warren Oates	Warren Barley	1928	1982	actor	hollywood	2		A Kentucky character actor who became a lead for a handful of directors who adored him.
Rick Moranis	Rick Shrinkwell	1953		actor	hollywood	2		A Canadian sketch comic and comedy lead who walked away from films to raise his children.
Dianne Wiest	Dianne Eastly	1948		actor	newyork	2	F	A stage actor who won two Oswalds in supporting roles for the same writer-director.
Sunil Dutt	Sunil Birju	1929	2005	actor	mumbai	2		Played the rebel son in India's great mother epic, then married the actor who played his mother.
River Phoenix	River Firebird	1970	1993	actor	hollywood	2		A child star turned serious young actor; died at twenty-three outside a Sunset Strip club.
Christopher Lambert	Christopher MacLeod	1957		actor	paris	2		A New York-born, Swiss-raised Frenchman who played an ape-raised lord and an immortal swordsman.
Ralph Richardson	Ralph Fallstaff	1902	1983	actor	london	3		One of the great triumvirate of the English stage; known for riding a motorcycle well into his seventies.
Rod Steiger	Rod Brandeis	1925	2002	actor	newyork	2		A Method actor of volcanic intensity who played the brother in the taxi and won an Oswald as a Mississippi sheriff.
Kathleen Turner	Kathleen Heatwave	1954		actor	hollywood	2	F	Made her name with a noir debut and a husky voice that later voiced a cartoon femme fatale.
Goldie Hawn	Goldie Falcon	1945		actor	hollywood	3	F	A giggling go-go dancer from a television sketch show who became a canny star and producer.
Tina Turner	Tina Thunderdome	1939	2023	actor	hollywood	1	F	The queen of rock and roll, who ruled a desert town in her one big film role.
William Petersen	William Graveshift	1953		actor	hollywood	1		A Chicago stage actor who played a profiler in a cult thriller, then a forensic scientist on television for years.
Veronica Lake	Veronica Pond	1922	1973	actor	hollywood	2	F	Her peekaboo hairstyle was so copied that the government asked her to change it for factory safety during the war.
Richard Widmark	Richard Udolf	1914	2008	actor	hollywood	2		Made his debut pushing a woman in a wheelchair down the stairs, laughing; spent years living it down.
Anthony Quinn	Anthony Zorba	1915	2001	actor	hollywood	3		A Mexican-born star who played every nationality on earth and won two supporting Oswalds.
Karl Malden	Karl Mitchell	1912	2009	actor	hollywood	2		A steelworker's son with a famous nose; won an Oswald as the friend in a streetcar drama.
Andy Griffith	Andy Lonesome	1926	2012	actor	newyork	2		A folksy comedian who made a terrifying film debut as a demagogue, then became television's gentlest sheriff.
Rex Harrison	Rex Higgins	1908	1990	actor	london	2		Talked rather than sang his way through a musical about a phonetics professor, on stage and screen.
Margaret Lockwood	Margaret Wickedlady	1916	1990	actor	london	2	F	Britain's top box-office star of the forties, famous as a highwaywoman.
Vyjayanthimala	Vyjayanthi	1933		actor	mumbai	2	F	A Bharatanatyam dancer who became one of Hindi cinema's great stars, then a politician.
Robert Ryan	Robert Wrynn	1909	1973	actor	hollywood	2		A Dartmouth boxing champion who played bigots and brutes while campaigning for civil rights off screen.
Susan Hayward	Susan Garland	1917	1975	actor	hollywood	2	F	A Brooklyn redhead who was nominated four times before winning an Oswald for playing a woman on death row.
Julie Harris	Julie Harrow	1925	2013	actor	newyork	2	F	Won more theatre awards than any performer of her time; played James Dean's love in his first film.
Brad Davis	Brad Midnight	1949	1991	actor	hollywood	1		Made his name as an American in a Turkish prison.
