roundhay	Leeds Lawn Promenade
sneeze	Mr. Otto's Achoo
workers	Quitting Time at the Lyon Works
moon	Rocket to the Man in the Moon
fireman	A Yankee Hose Brigade
robbery	The Big Express Holdup
alice03	Alice Down the Rabbit Hole
impossible	The Unlikely Expedition
rover	Saved by the Collie
kellygang	The Saga of the Iron-Clad Outlaws
funnyfaces	Chalkboard Mugs
fantasmagorie	Chalk Line Dreams
pompeii13	Ashes Over Vesuvius
prague	The Scholar's Double
fantomas	The Masked Master of Crime
traffic	Trade in Lost Girls
tillie	Tillie Gets Taken
kidauto	The Little Tramp at the Kart Race
gertie	Gussie the Brontosaurus
vampires	The Velvet Gang
children	The Unborn Question
joanwoman	Saint Joan of the Trenches
outlaw	The Mountain Fugitives
dogslife	Every Dog Has His Day
brokenblossoms	Limehouse Petals
arne	The Silver of Sir Arne
malefemale	The Butler and the Lady
godscountry	Back to the Northern Wilds
bloke	The Soppy Larrikin
dubarry	The King's Last Favourite
caligari	The Somnambulist's Showman
zorro	The Sign of the Fox
waydowneast	Out on the Ice Floe
changewife	The Wife Who Fought Back
withinourgates	Behind Southern Gates
horsemen	Riders of the Last Days
anatol	The Romances of Antoine
phantomcarriage	The Death Coach
satan	Chapters from the Devil's Diary
orphans	Sisters of the Revolution
souls	Wanderers on a Winter Road
nanook	Hunter of the Arctic Ice
mabuse	The Mesmerist of the Gaming Tables
bloodsand	The Matador's Ruin
manslaughter	Reckless Speed
grandmasboy	Granny's Little Coward
hospitality	Feud at the Station Inn
tencommandments	Tablets of Stone
scaramouche	The Clown Swordsman
beudet	The Housewife Who Smiled
womanparis	A Lady of the Boulevards
thiefbagdad	The Rogue of a Thousand Nights
lastlaugh	The Doorman's Coat
ironhorse	Rails Across the Plains
slapped	The Clown Who Takes the Blows
marriagecircle	The Wedding Ring Round
gosta	The Defrocked Pastor's Saga
potemkin	Mutiny on the Odessa Steps
phantomopera	The Masked Composer
benhur25	The Chariot of Judea
rewi	Rewi's Last Ramparts
bodysoul	The Preacher's Shadow
faust	The Bargain of Doctor Fausto
achmed	The Silhouette Prince
pagemadness	Asylum Pages
donjuan	The Seducer of Seville
pricelory	What Glory Costs
blackpirate	The Jolly Roger Raider
seabeast	The White Whale Hunter
fleshdevil	Temptation Is Flesh
moana	Islanders of Samoa
metropolis	Machine City
sunrise	Dawn Over the Marsh
napoleon	The Little Corsican
jazzsinger	The Cantor's Jazz Son
kingofkings	The Carpenter King
seventhheaven	Heaven on the Seventh Floor
gaucho	The Pampas Rider
bestgirl	The Stockroom Sweetheart
kidbrother	The Youngest Hickory
arabianknights	Two Desert Doughboys
berlinsym	A Day in the Life of Berlin
unknown	The Armless Wonder
catcanary	The Cat and the Songbird Will
naturallife	Chained for a Lifetime
laila	Daughter of the Desert
lastcommand	The General's Final Role
docksny	Stokers and Sweethearts
sadie	Sadie of the South Seas
dancingdaughters	Flappers of the Jazz Set
manwholaughs	The Man with the Carved Grin
steamboatbill	Mississippi Paddle Junior
singingfool	The Crooning Clown
noahsark	The Flood of the Ages
joanarc	The Maid at the Stake
october	Ten Days That Toppled the Tsar
strawhat	The Wedding Party and the Hat
usher	The Sinking House of Ussher
redlotus	The Fires of the Scarlet Lotus Temple
steamboatwillie	Paddle-Wheel Mickey
broadwaymelody	The Great White Way Waltz
cockeyed	The Squinting World
sunnyside	Sunny Side of the Street
riorita	The Rose of the Rio Grande
hwrevue	The Stars of 1929 on Parade
cottage	The Barber of Dartmoor
lostgirl	A Girl Gone Astray
womanmoon	Rocket Girl of the Moon
moviecamera	The Kino-Eye Diary
daysyouth	Ski Days of Our Youth
allquiet	Nothing New at the Front
annachristie	The Barge Captain's Daughter
minbill	Ma and Pa on the Waterfront
westfront	Trench Lines, 1918
frank31	The Stitched Man
dracula31	Count of the Carpathians
publicenemy	The Grapefruit Gangster
cimarron	The Oklahoma Land Run
jekyll31	The Doctor and His Other Self
champ31	Champ and the Kid
traderhorn	The Ivory Trader
tabu	Forbidden Pearl
threepenny	The Beggars' Opera of Soho
tokyochorus	Salarymen in Harmony
kalidas	The Poet of the Court
limite	The Limit of the Sea
chaingang	The Chain Gang Escapee
signcross	The Sign of the Fish
kidspain	The Kid in the Bullring
tarzan32	The Jungle Lord
vampyr	The Pale Sleeper
bornbut	I Was Born, So What?
santa32	The Sorrows of Santa
42ndst	Showstopper Street
golddiggers33	Golddiggers of the Great Depression
footlight	Footlight Fever
shedone	She Did Him Dirty
dinnereight	Eight O'Clock Supper
queenchristina	The Snow Queen of Stockholm
henryviii	Six Wives for Henry
testamentmabuse	The Mesmerist's Last Will
zerodeconduite	Zero Marks for Behaviour
landwithoutbread	The Land the Maps Forgot
springsilk	Silkworm Spring
whitegold	The Ivory Dragon
whiterose	The Lily of the Nile
happenednight	One Night on the Night Bus
thinman	The Lean Detective
cleopatra34	The Queen of the Nile
imitation34	Pancakes and Passing
gaydivorcee	The Carefree Divorcée
kidmillions	The Kid Who Inherited
treasure34	The Isle of Buried Gold
atalante	The Barge to Paris
chapaev	The Red Cavalryman
fishermen	Ballad of the Fishing Boats
manwhoknew34	The Man Who Heard Too Much
mutinybounty	Rebellion on the Breadfruit Ship
bridefrank	The Stitched Man's Bride
nightopera	Mayhem at the Opera
copperfield35	The Personal History of Davy Copperhill
thirtyninesteps	The Thirty-Nine Stairs
captainblood	The Physician Pirate
steamboatbend	Paddle-Wheel Round the Bend
toni	The Quarryman's Love
devdas35	The Lovelorn Zamindar
moderntimes	Cogs and Clowns
greatziegfeld	The Follies Impresario
sanfrancisco	The Barbary Coast Quake
godfrey	The Butler from the Dump
mrdeeds	Mr. Dobbs Goes to Manhattan
dodsworth	The Retired Motor Magnate
plainsman	The Buckskin Scout
afterthin	The Lean Detective Returns
pasteur	The Germ Hunter
thingstocome	The Shape of Things Ahead
onlyson	A Mother's Only Boy
sweetdream	Dream of Honey
santtukaram	The Poet-Saint of Dehu
snowwhite	Snowdrop and the Seven Miners
awfultruth	The Bitter Truth About Love
losthorizon	The Valley Beyond the Mountains
stelladallas	The Mother at the Window
starisborn37	A Star Is Minted
makeway	Room for the Old Folks
zola	J'Accuse: The Zola Story
pepelemoko	The King of the Kasbah
saratoga	The Racing Season
dayraces	The Brothers Go to the Races
paperballoons	The Paper Lantern Ronin
chintamani	The Courtesan's Jewel
robinhood38	Outlaw of Sherwood Forest
ragtimeband	Alexander's Big Band Years
youcanttake	The Eccentric Family Next Door
jezebel	The Belle in the Red Dress
angelsdirty	Choirboys and Gangsters
nevsky	The Prince of the Frozen Lake
olympia	The Games of Berlin
gonewind	Blown Away by the War
wizardofoz	Over the Rainbow Road
mrsmith	Mr. Smithers Takes the Capitol
rulesgame	The Weekend Shoot
wuthering39	Storm Over the Moors
ninotchka	The Comrade Who Laughed
jessejames	The Missouri Train Robber
babesarms	Kids Put On a Show
chrysanthemums	The Last Flowers of Autumn
greatdictator	The Tyrant and the Barber
grapeswrath	The Dust Bowl Exodus
girlfriday	His Girl on Deadline
fantasia	Symphony in Ink
pinocchio	The Wooden Boy
shoparound	Dear Anonymous Friend
kittyfoyle	The White-Collar Girl
nwmounted	Redcoats of the North
thiefbagdad40	The Rogue of a Thousand Nights
fortythousand	The Light Horse Charge
citizenkane	The Rosebud Tycoon
maltesefalcon	The Black Bird of Malta
sgtyork	Corporal Yorkman
greenvalley	The Welsh Valley Years
ladyeve	The Card-Sharp Lady
churchillsisland	The Fortress Isle
princessironfan	The Princess with the Palm-Leaf Fan
fortyninthparallel	The Northern Border Line
casablanca	Rick's Café Américain
mrsminiver	Mrs. Minton's War
yankeedoodle	The Song-and-Dance Patriot
ambersons	The Decline of the Ambersleys
tobeornot	Exit, Pursued by a Nazi
prideyankees	The Iron Horse of the Bronx
ossessione	The Drifter and the Wife
whichweserve	The Ship We Sailed In
fourstepsclouds	Walking on Clouds
kokoda	Jungle Track Front Line
thisisarmy	Khaki on Broadway
forwhombell	The Bridge in the Sierra
bernadette	The Grotto Girl
shadowdoubt	Uncle Charlie Comes to Town
oxbow	The Lynching at Rattlesnake Gulch
heavencanwait	Heaven Is in No Hurry
dayofwrath	The Witch's Wife
blimp	The Old Soldier's Moustache
zombie	The Nurse and the Sleepwalker
marianacandelaria	The Flower-Seller of Xochimilco
donabarbara	The Lady of the Plains
kismet43	Fate Plays Its Hand
goingmyway	Father Swing
laura	The Portrait of a Murdered Woman
gaslight44	The Dimming Lamps
canterbury	A Kentish Pilgrimage
momotaro	The Peach Boy's Sky Fleet
haridas	The Devotee's Song
lostweekend	Four Days on the Rye
bellsstmarys	Father Swing Rings the Bells
mildredpierce	Mildred's Pies
leaveheaven	The Jealous Bride
anchorsaweigh	Sailors on Shore Leave
iknowwhere	Bound for the Isle of Kiloran
deadofnight	The Ventriloquist's Weekend
theyexpendable	PT Boats of Bataan
bestyears	Coming Home, 1945
bigsleep	The Long Nap
clementine	Darling of Tombstone
jolsonstory	The Mammy Singer Story
gilda	Put the Blame on Gilda
postman46	The Mailman Knocks Twice
matteroflife	A Stairway Between Worlds
greatexpect	Pip's Great Fortune
belleetbete	The Beast's Enchanted Castle
murderersamong	The Killers Next Door
noregrets	A Youth Without Apology
stoneflower	The Malachite Blossom
oddmanout	The Wounded Gunman
miracle34th	The Department Store Santa
verdoux	The Lady-Killer of Paris
eggandi	Life on a Chicken Ranch
lifefather	Father Knows Least
foreveramber	Amber, Restoration Wench
tenementgentleman	The Boy Found in the Ruins
springriver	The River Runs East in Spring
sierramadre	Gold in the Mexican Hills
hamlet48	The Prince of Elsinore
johnnybelinda	The Silent Girl of Cape Breton
yearzero	Berlin in the Rubble
oliver48	The Workhouse Orphan
fallenidol	The Butler's Little Admirer
chandralekha	The Circus Princess
springsmalltown	Spring Comes to a Ruined Town
kindhearts	Eight Heirs to Kill
whiteheat	Top of the World, Ma
latespring	The Daughter Who Wouldn't Wed
allkingsmen	The Governor's Machine
heiress	The Plain Heiress
jolsonagain	The Mammy Singer Returns
malewarbride	The War Bride Wore Trousers
pinky	The Nurse Who Passed
onthetown	Three Sailors, One Day
adamsrib	Courtroom Spouses
yellowribbon	The Cavalry Sweetheart
pimlico	The Duchy of Pimlico
crowssparrows	Rooftops of Shanghai
wongfeihung	Master of the Lion Dance
andaz	A Triangle in Bombay
divorcee	The Liberated Wife
littlestrebel	The Little Confederate
gulliver39	Gulliver Among the Tiny Folk
womennight	Women of the Night Streets
lettertothree	One of Three Husbands
samsondelilah	The Strongman's Haircut
allabouteve	The Understudy
sunsetblvd	The Silent Star's Mansion
kingsolomon	The Lost Mines of Ophir
anniegetgun	Sharpshooter Annie
cinderella50	The Glass Slipper
fatherbride	Paying for the Wedding
lonelyplace	The Screenwriter Suspect
orphee	The Poet and the Mirror
streetcar	The Streetcar to Elysian Fields
africanqueen	The River Boat to Africa
americanparis	A Painter in Montmartre
placeinsun	The Ambitious Nephew
dayearthstill	The Visitor from Beyond
strangerstrain	Two Strangers, One Murder
countrypriest	The Village Curate's Notebook
missjulie	Midsummer with the Count's Daughter
miraclemilan	Miracle on the Outskirts
lavenderhill	The Bullion Clerks' Caper
whitesuit	The Suit That Wouldn't Stain
earlysummer	The Daughter's Summer
wuxun	The Beggar Who Built Schools
greatestshow	The Biggest Big Top
quietman	The Boxer Comes Home to Erin
ivanhoe	The Saxon Knight
umbertod	The Pensioner and His Dog
oharu	The Courtesan's Long Fall
forbiddengames	The Children's Graveyard
whitesheik	The Comic-Strip Sheik
doncamillo	The Priest and the Mayor
parasakthi	The Goddess of Power
neighbours	Fence Line
fromhere	Pearl Harbor Barracks
shane	The Drifter Gunfighter
marrymillionaire	Three Gold-Diggers in Manhattan
peterpan	The Boy Who Won't Grow Up
gentlemenblondes	Diamonds Are a Showgirl's Friend
stalag17	Barracks Seventeen
wagesfear	The Nitroglycerin Run
hulotholiday	Monsieur Hubert Goes to the Seaside
madamede	The Earrings of the Countess
pickupsouth	The Pickpocket's Microfilm
bigheat	The Hot Badge
warworlds	Invaders from the Red Planet
gatehell	The Gate of Flames
welcomemarshall	Welcome, Mr. Americano!
summermonika	One Summer with Monika
whitechristmas	Snow for Christmas
cainemutiny	The Strawberry Captain
twentythousand	Captain Nemo's Submarine
glennmiller	The Bandleader's Story
countrygirl	The Actor's Wife
starborn54	A Star Is Minted
sevenbrides	Seven Lumberjacks, Seven Brides
magnificentobsession	The Surgeon's Debt
saltearth	The Miners' Wives
carmenjones	Carmen in Uniform
sabrina	The Chauffeur's Daughter
senso	The Countess and the Lieutenant
journeyitaly	A Marriage in Naples
hobsonschoice	The Bootmaker's Daughter
musashi	The Wandering Swordsman, Part One
struggleValley	The Valley Feud
misterroberts	The Cargo Ship Lieutenant
ladytramp	The Spaniel and the Stray
seventhyear	The Summer Bachelor
marty	The Bronx Butcher's Saturday Night
rebelcause	The Kid in the Red Jacket
nighthunter	The Preacher's Knuckles
smilessummer	A Midsummer Night of Lovers
ladykillers	The Old Lady and the Gang
kissmedeadly	The Glowing Briefcase
dambusters	The Bouncing Bomb
cyclistdeath	The Lovers and the Cyclist
sissi	The Young Empress
floatingclouds	The Clouds Drift By
jedda	The Girl from the Outback Station
rio40	Rio, Forty Degrees in the Shade
yassinarmy	Yassin Joins Up
tencommandments56	Tablets of Stone
around80	Around the Globe in Eighty Days
kingandi	The Governess of Siam
warpeace56	Napoleon at Moscow
searchers	The Long Search
bodysnatchers	The Pod People
anastasia	The Lost Grand Duchess
silentworld	The World Without Sound
burmeseharp	The Soldier with the Harp
streetshame	The Street of Dreams
nightfog	Fog Over the Camps
godcreated	And Then There Was Juliette
writtenwind	Oil Money and Heartbreak
kwai	The Bridge Over the Jungle River
peytonplace	Secrets of a Small Town
sayonara	Farewell in Kobe
oldyeller	Old Yellow Dog
pathsglory	The General's Ant Hill
seventhseal	Chess with Death
wildstrawberries	The Professor's Long Drive
nightscabiria	The Little Streetwalker of Rome
throneblood	Castle of the Spider's Web
sweetsmell	The Columnist and the Press Agent
affairremember	Meet Me at the Top of the Empire State
witnessprosecution	The Barrister's Last Case
cranesflying	When the Cranes Fly South
timewithoutpity	Twenty-Four Hours to Hanging
jailhouserock	The Cellblock Crooner
tizoc	The Indian and the Lady
mayabazar	The Magic Bazaar
auntiemame	My Outrageous Aunt
cathottin	The Plantation Birthday
gigi	The Courtesan in Training
defiantones	Chained Together
mononcle	My Uncle's Modern House
hiddenfortress	The Princess and the Two Peasants
madonnastreet	The Pawnshop Heist
madhumati	The Ghost in the Mountain Mansion
horrordracula	The Count of the Carpathians
carryonsergeant	Carry On, Private
seventhsinbad	The Sailor and the Cyclops
invention	The Fabulous Machine of Captain Nemo
hercules58	The Labours of Hercules
benhur59	The Charioteer of Judea
somelikeithot	Two Men in the Girls' Band
northwest	The Wrong Man on the Mountain
imitation59	Passing and Pretending
sleepingbeauty	The Spindle Curse
400blows	The Truant
hiroshima	Two Lovers in the Atomic City
floatingweeds	The Touring Players
firesplain	The Burning Fields
nightingale	The Song of the Curlew
kattabomman	The Rebel Chieftain
jecatatu	The Lazy Farmer
fivegoldenflowers	Five Flowers of Dali
kingdombeauty	The Emperor and the Innkeeper's Daughter
airhostess	The Flying Hostess
spartacus	The Gladiator's Revolt
psycho	Motel Mother
exodus	The Ship to the Promised Land
swissfamily	The Shipwrecked Family
oceans11	Eleven Friends in Las Vegas
butterfield	The Call Girl's Number
virginspring	The Spring Where She Fell
peepingtom	The Camera That Killed
saturdaynight	Saturday Pints, Sunday Hangover
eyeswithoutface	The Surgeon's Daughter
whenwomanascends	The Hostess of the Ginza
macario	Death Shares a Turkey
kalathur	The Lost Son of the Kalathur Estate
westsidestory	The Sharks and the Jets of Manhattan
navarone	The Cliffs of the Aegean Guns
parenttrap	Twins Switch Places
kingofkings61	The Carpenter King
dalmatians	The Spotted Puppies
tiffanys	Breakfast on Fifth Avenue
nuremberg	The Judges' Trial
marienbad	Did We Meet Last Year?
viridiana	The Novice's Charity
divorceitalian	Murder, Sicilian Style
motherjoan	The Possessed Nuns of Loudun
mockingbird	The Lawyer's Children
mutiny62	Rebellion on the Breadfruit Ship
drno	Agent 007 and the Doctor
manchurian	The Brainwashed Sergeant
babyjane	Whatever Became of Baby Jean?
julesjim	Two Friends and Catherine
cleo	Two Hours with Cléo
ivanschildhood	The Boy Scout of the Marshes
knifewater	Three on a Yacht
libertyvalance	The Man Who Shot the Outlaw
lolita	The Professor and the Nymphet
mammaroma	Mother of Rome
sanjuro	The Swordsman and the Nine Samurai
santovampire	The Silver Mask vs. the Vampire Women
zatoichi	The Blind Masseur's Sword
cleopatra63	The Queen of the Nile
howthewest	The Frontier Generations
tomjones	The Foundling's Romp
greatescape	The Tunnel Breakout
eightandahalf	Number Nine and a Bit
ikarie	Starship Alpha
servant	The Manservant
hud	The Rancher's Bad Son
lilies	Blessings of the Desert
jasonargo	The Quest for the Golden Fleece
insectwoman	The Life of a Working Insect
twostagesisters	Two Sisters of the Opera Stage
earlyspring	February Blossom
havocheaven	The Monkey King Storms Heaven
winnetou	The Apache Chief
marypoppins	The Flying Nanny
myfairlady	The Flower Girl's Elocution
fromrussia	Agent 007: Love from Leningrad
strangelove	How I Learned to Love the Big One
hardday	One Mad Day with the Moptops
shotindark	The Inspector Strikes Again
umbrellas	The Parasols of the Port
gospel	The Gospel Walk
nakedkiss	The Bald Truth
womandunes	The Woman in the Sand Pit
kwaidan	Four Ghost Stories
fistful	A Handful of Silver
bandoutsiders	Three Outsiders and a Heist
forgottenancestors	Wild Horses of the Carpathians
gendarme	The Gendarme of the Riviera
gertrud	Gertrude's Loves
lemonadejoe	Soda-Pop Joe
diamondsnight	Two Boys in the Forest
soundofmusic	The Singing von Traps
zhivago	The Poet of the Steppes
thunderball	Agent 007: Operation Thunderclap
catballou	Cat Galloway
spycold	The Spy Out in the Cold
chimes	Falstaff at Midnight
repulsion	The Rotting Rabbit
shopmain	The Shop on the Square
lovesblonde	A Blonde's Romances
fewdollars	A Few Silver Dollars More
knack	The Knack of Getting Girls
ipcress	The Harry Palmer File
tokyoolympiad	The Tokyo Games
operationy	Shurik's Misadventures
saragossa	The Manuscript Found in Zaragoza
hawaii	The Missionaries of the Islands
thebible	In the Beginning
virginiawoolf	The Faculty Party from Hell
sandpebbles	The Gunboat on the Yangtze
manforallseasons	The Chancellor Who Said No
russianscoming	The Submarine That Ran Aground
grandprix	Formula Grand Prize
alfie	What's It All About, Alf?
goodbadugly	The Fair, the Foul and the Filthy
algiers	The Kasbah Uprising
warpeace66	Napoleon at Borodino
rublev	The Icon Painter
manandwoman	A Widow and a Widower
closelywatched	The Station Apprentice
django	The Gunman and the Coffin
comedrink	The Drunken Swallow
youngtorless	The Boarding-School Boy
graduate	The Hesitant Graduate
guesswho	The Dinner Guest
bonnieclyde	The Barrow Gang
dirtydozen	The Twelve Condemned
valleydolls	The Pill Girls of Broadway
onlylivetwice	Agent 007 Dies Twice
junglebook	The Man-Cub
heatofnight	A Sweltering Night in Sparta
coolhandluke	Fifty Eggs Luke
samourai	The Lone Samurai of Paris
brandedtokill	The Number Three Killer
dragoninn	The Gate Inn
firemensball	The Volunteer Firemen's Dance
marketa	Marketa of the Wolf Clan
wavelength	The Zoom
caucasus	The Bride Snatchers of the Caucasus
elviramadigan	The Tightrope Dancer
curiousyellow	I Am Inquisitive
dontlookback	No Looking Back
portraitjason	Jason, by Candlelight
littleshop	The Florist's Hungry Plant
masque	The Plague Ball
thissportinglife	The Rugby Brute
kopenick	The Cobbler Captain
linshop	The Shopkeeper's Bad Year
spaceodyssey	Odyssey to Jupiter
bullitt	The Detective of the Hills
oliver68	Please, Sir!
planetapes	The Ape-Ruled World
rosemarysbaby	The Neighbours' Baby
romeojuliet68	The Star-Crossed Lovers of Verona
lioninwinter	The King's Christmas
onceuponwest	The Harmonica Man of the West
greatsilence	The Silent Gunman
nightlivingdead	The Night the Dead Walked
hourwolf	The Hour Before Dawn
teorema	The Visitor
thomascrown	The Gentleman Bank Robber
producers	Springtime for Hitler Inc.
butchcassidy	The Hole-in-the-Wall Pair
lovebug	The Car Named Herbert
midnightcowboy	Rodeo Hustler in Times Square
easyrider	Born to Ride
hellodolly	Hello, Matchmaker!
truegrit	Rooster's Grit
wildbunch	The Last Outlaws
zmovie	Letter Zed
nightmaud	A Night at Maude's Flat
cremator	The Undertaker of Prague
diamondarm	The Arm in a Cast
satyricon	Fellini's Rome of Excess
colorpomegranates	Pomegranate Red
armyshadows	The Shadow Army
womeninlove	Two Sisters in Love
funeralroses	Parade of Funeral Roses
macunaima	The Hero Without Any Character
larks	The Scrapyard Lovers
lovestory	Love Means Never Saying Sorry
mash	The Mobile Surgical Unit
patton	The General in the Tank
woodstock	Three Days of Music in the Mud
fiveeasypieces	The Oil-Rig Pianist
gimmeshelter	Give Me Cover
conformist	The Obedient Man
claireknee	The Knee of the Lakeside Girl
whitesun	Desert Sun of the Red Army
valerie	Valerie's Week of Marvels
sindbad71	The Gourmand Seducer
fiddler	The Milkman of Anatevka
billyjack	Billy the Peacekeeper
diamondsforever	Agent 007: Diamonds Never Die
dirtyharry	The .44 Magnum Inspector
clockwork	A Mechanical Orange
lastpictureshow	The Last Cinema in Anarene
haroldmaude	Harold and the Old Lady
mccabe	The Gambler and the Madam
walkabout	The Long Walk Home
deathvenice	The Composer on the Lido
finzicontini	The Garden Behind the Wall
getcarter	Carter's Revenge
strawdogs	The Cornish Siege
gobetween	The Messenger Boy
shaft	Private Eye John Shafter
sweetback	Sweet Sweetback's Long Run
touchzen	The Swordswoman of the Bamboo Grove
emigrants	The Emigrants' Crossing
anand	The Laughing Patient
moncleantoine	My Uncle the Undertaker
poseidon	The Capsized Liner
whatsupdoc	Four Plaid Bags
deliverance	The River Trip
jeremiahjohnson	The Mountain Man
cabaret	The Kit Kat Club
getaway72	The Bank Job Run to Mexico
pinkflamingos	The Filthiest People Alive
aguirre	The Mad Conquistador
solaris	The Ocean Planet
crieswhispers	The Three Sisters in Red
wayofdragon	The Dragon Goes to Rome
petravonkant	The Designer's Bitter Tears
workingclassheaven	The Factory Worker's Paradise
matteiaffair	The Oil Baron's Last Flight
canterbury72	Pilgrims' Bawdy Tales
dawnsquiet	The Quiet Dawns of the Front
lonewolf1	The Wandering Executioner and Son
exorcist	The Possession of Regan
sting	The Big Con
americangraffiti	Cruising Night, 1962
papillon	The Butterfly Convict
papermoon	The Bible Salesman and the Kid
liveletdie	Agent 007: Live, Let Live
serpico	The Honest Cop
dontlooknow	The Red Coat in Venice
wickerman	The May Day Sacrifice
badlands	The Garbage Man and the Baton Twirler
enterdragon	The Island Tournament
spiritbeehive	The Girl and the Monster
motherwhore	Two Lovers and a Café Philosopher
toukibouki	The Hyena's Voyage
bobby73	Young Love in Bombay
ivanvasilievich	Ivan the Terrible Gets a Day Job
battleshonor	The Yakuza Papers
scarecrow	Two Drifters on the Road
youngfrankenstein	Young Doctor Stitches
godfather2	The Don, Part II
deathwish	The Vigilante Architect
phantomliberty	The Ghost of Freedom
alifear	The Widow and the Mechanic
texaschainsaw	The Hitchhiker's Family Farm
duddykravitz	Duddy's Big Deal
spaceplace	Outer Space Is Home
promisedland75	The Factory Town of Łódź
jaws	The Great White
cuckoonest	One Flew Over the Asylum
rockyhorror	The Sweet Transylvanian Picture Show
barrylyndon	The Rise and Fall of Redmond Barry
nashville	Country Music Weekend
threedayscondor	Six Days of the Vulture
dersuuzala	The Hunter of the Taiga
manilaclaws	Manila Under the Neon
picnichangingrock	The Picnic at the Rock
holygrail	The Holy Grail, More or Less
nightmoves	The Detective on the Keys
manwhowouldbeking	The Two Kings of Kafiristan
dolemite	The Kung Fu Pimp
ironyfate	The Wrong Apartment
privateeyes	The Hong Kong Gumshoes
rocky	The Philadelphia Southpaw
kingkong76	The Giant Ape Returns
presidentsmen	The Watergate Reporters
omen	The Child of Six Sixes
taxidriver	The Night Cabbie
mikeyandnicky	One Night with Two Hoods
harlancounty	The Kentucky Mine Strike
insiang	The Girl from the Slum
realmsenses	The Realm of the Body
donaflor	The Widow and the Ghost Husband
ajaniogun	Ajani, Son of the Warrior
starwars	Space Saga: A New Hope
smokeybandit	The Bootleg Run
closeencounters	Messages from the Mothership
saturdaynightfever	Disco Saturday
bridgetoofar	The Arnhem Gamble
spywholovedme	Agent 007: The Spy I Loved
anniehall	Annie, Alright
ascent	The Partisan's Ascent
suspiria	The Dance Academy of Witches
eraserhead	The Head of Lead
killerofsheep	The Slaughterhouse Worker
amarakbar	Three Brothers, Three Faiths
americanfriend	The Yankee Friend
stroszek	Bruno's Wisconsin
ceddo	The Outsiders of the Kingdom
sleepingdogs	Let Sleeping Dogs Lie
grease	Greased Lightning High
superman78	The Man of Iron
jaws2	The Great White Returns
deerhunter	Deer Season
treewoodenclogs	The Peasants' Clogs
autumnsonata	The Pianist's Daughter
shaolin36	The Thirty-Six Halls of Shaolin
don78	The Kingpin of Bombay
alwaysforpleasure	Second Line Sunday
kramer	The Custody Battle
rocky2	The Philadelphia Southpaw II
apocalypsenow	Apocalypse Up River
startrek1	Starship Voyage: The Cloud Probe
moonraker	Agent 007: Moonshot
manhattan	Black-and-White Manhattan
tindrum	The Boy with the Toy Drum
mariabraun	The Wartime Bride of Berlin
madmax	The Road Warrior Cop
byebyebrasil	So Long, Brazil
vengeanceismine	The Con Man's Killing Spree
demonpond	The Pond of the Dragon
westindies	The Slave Ship Islands
alexandriawhy	The Boy Who Loved Hollywood in Alexandria
aiye	The Living Spirit
empirestrikes	Space Saga: The Empire Hits Back
airplane	Flight of Fools!
bluesbrothers	The Rhythm and Blues Brothers
ordinarypeople	A Perfectly Normal Family
heavensgate	The Johnson County Range War
elephantman	The Man Behind the Curtain
atlanticcity	Boardwalk Blues
gloria80	Gloria Takes the Kid
lastmetro	The Theatre in the Cellar
longgoodfriday	The Gangster's Bank Holiday
breakermorant	The Scapegoats of the Veldt
mandala	The Monk's Mandala
raiders	Hunters of the Golden Ark
ongoldenpond	The Summer at the Lake House
chariotsfire	Two Runners for Paris
escapenewyork	Breakout from Manhattan Island
umraojaan	The Courtesan Poet of Lucknow
et	The Little Visitor from the Stars
tootsie	Dorothy in Disguise
officergentleman	The Naval Cadet's Romance
porkys	The Roadhouse Prank
bladerunner	The Replicant Hunter
thething	The Shape from the Ice
gandhi	The Mahatma
fannyalexander	The Children of the Theatre Family
veronikavoss	The Morphine Star
fitzcarraldo	The Opera House in the Jungle
smashpalace	The Wrecking Yard
returnjedi	Space Saga: The Knight Returns
tradingplaces	The Bet on Two Lives
scarface83	The Little Friend from Havana
kingofcomedy	The Talk Show Kidnapping
narayama	The Mountain Pilgrimage
mrlawrence	Merry Christmas from the Camp
videodrome	The Channel of Flesh
boysfengkuei	The Boys from the Fishing Village
templedoom	The Adventurer and the Doomed Temple
gremlins	Don't Feed Them After Midnight
karatekid	The Kid Who Learned to Wax On
terminator	The Cyborg from Tomorrow
amadeus	The Envy of Salieri
spinaltap	The Loudest Band in Britain
stopmakingsense	The Big Suit Concert
paristexas	Paris, in the Desert
strangerparadise	Stranger Than Cleveland
elmstreet	The Dream Stalker of Maple Lane
oncetimeamerica	Long Ago on the Lower East Side
killingfields	The Fields of Year Zero
nausicaa	The Princess of the Wind Valley
whalehunting	Chasing Whales
rambo2	The Lone Soldier Returns
colorpurple	The Color of Lilac
breakfastclub	Saturday Detention
brazil85	The Ministry of Paperwork
comeandsee	Go and Look
policestory	Cop Story
officialstory	The Adopted Daughter of the Junta
kissspider	The Spider Woman's Kiss
mylifeasadog	A Dog's Life in Sweden
myvillage	The Truck Driver's Simple Mate
timetolive	Growing Up in Fengshan
taipeistory	A Story of Taipei
roomview	A Room Looking Over the Arno
ferrisbueller	The Day Off
bluevelvet	The Ear in the Field
shesgottahaveit	Nola's Three Lovers
declineempire	The Fall of the American Dream
jeandeflorette	The Hunchback's Spring
greenray	The Last Ray of the Sun
themission	The Jesuit Mission
bettertomorrow	The Counterfeiters' Brotherhood
castlesky	The Castle in the Clouds
horsethief	The Tibetan Horse Thief
bashu	The Little Stranger from the South
manfacingsoutheast	The Man Who Faced the Sky
kindzadza	Ku! Planet of the Pepelats
threemenbaby	Three Bachelors and a Bassinet
moonstruck	Under a Brooklyn Moon
untouchables	The Incorruptibles
fullmetaljacket	Full Brass Casing
robocop	The Steel Patrolman
princessbride	The Farmboy and the Princess
lastemperor	The Boy Emperor of the Forbidden City
chineseghost	A Ghost Story of the Lan Ruo Temple
rouge	The Rouge of the Brothel
mrindia	The Invisible Mr. India
wherefriendhouse	The Friend's House in the Next Village
surrogatewoman	The Hired Mother of the Clan
withnail	Two Actors on Holiday
rogerrabbit	The Toon Who Was Framed
fishwanda	The Jewel Thieves and the Fish
midnightrun	The Bounty Hunter's Long Drive
lasttemptation	The Final Temptation
thinblueline	The Dallas Conviction
akira	Neo-Tokyo Is About to Explode
totoro	My Neighbour the Forest Spirit
gravefireflies	Two Orphans and the Fireflies
heathers	The Three Veronicas
womenverge	Women on the Edge
distantvoices	Liverpool Voices
highhopes	Great Hopes
shortfilmkilling	A Short Story About Murder
cinemaparadiso	The Projectionist's Boy
holydrinker	The Tramp and the Saint
deadringers	The Identical Gynecologists
salaambombay	Hello, Bombay!
damnation	The Doomed Town
ariel	The Miner's Convertible
littlevera	Little Faith
astearsgoby	As the Tears Fall
batman89	The Dark Knight of Gotham
lastcrusade	The Adventurer's Final Crusade
deadpoets	Carpe Diem
harrysally	Can Men and Women Be Friends?
littlemermaid	The Mermaid Princess
dotherightthing	The Hottest Day in Brooklyn
myleftfoot	The Painter with One Foot
leningradcowboys	The Siberian Cowboys Go West
kiki	The Young Witch's Flying Service
tetsuo	The Man of Metal
cyclist	The Cycling Marathon
homealone	Left Behind for Christmas
danceswolves	The Lieutenant Who Ran with Wolves
goodfellas	Wiseguys
godfather3	The Don, Part III
dicktracy	The Yellow-Coat Detective
wildatheart	Snakeskin and Fire
millerscrossing	The Crossing in the Woods
kingofny	The Crown Prince of New York
metropolitan	Debutante Season
cyrano90	The Poet with the Nose
closeup	The Impostor of Tehran
raisered	The Fourth Mistress's Lanterns
daysbeingwild	The Wild Days of Youth
angelmytable	The Novelist from Otago
dil90	The Heart Wants
europaeuropa	A Boy Between Armies
beautybeast91	The Beast's Enchanted Castle
robinhood91	The Outlaw of Nottingham
silencelambs	The Lambs Stop Screaming
hook	Captain Hook's Revenge
jfk	The Dallas Conspiracy
capefear91	Revenge at Cape Hope
thelmalouise	Two Women on the Run
boyzhood	South Central Boys
barton	The Writer in the Hotel
doublelife	The Two Véroniques
delicatessen	The Butcher's Building
naked_lunch	The Bug Typewriter
slacker	The Austin Drifters
newjackcity	The Crack Kingpin of Harlem
pointbreak	The Surfing Bank Robbers
citysl	Cowboys for a Week
friedgreen	The Whistle Stop Café
bugsy	The Man Who Built Las Vegas
oncechina	Master of the Southern Lion
saajan	The Beloved Poet
onlyyesterday	The Memories of Taeko
aladdin	The Lamp and the Genie
homealone2	Left Behind in Manhattan
batmanreturns	The Dark Knight Returns to Gotham
bodyguard	The Singer's Bodyguard
basicinstinct	The Novelist with the Icepick
unforgiven	The Unforgiving
patriotgames	The Patriot's Game
lastmohicans	The Last of a Proud Nation
cryinggame	The Hostage's Girlfriend
dracula92	The Count's Last Love
player	The Studio Executive
reservoirdogs	The Colour-Coded Robbers
malcolmx	Brother Malcolm
mycousinvinny	My Cousin the Lawyer
leagueown	The Women's Baseball League
waynesworld	Basement Cable Access
lethal3	Deadly Partners III
sisteract	The Lounge Singer in the Convent
badlieutenant	The Crooked Cop
howardsend	The House at Howards Lane
hardboiled	Boiled Hard
storyqiuju	Qiu Ju Wants an Apology
porcorosso	The Crimson Pig Pilot
rojaa	The Kidnapped Husband
likewater	Like Chocolate for Water
cronos	The Clockwork Scarab
manbitesdog	The Killer and the Camera Crew
glengarry	The Real Estate Sales Contest
deadalive	Brain Dead in Wellington
romperstomper	The Skinheads of Footscray
jurassicpark	Dinosaur Island
mrsdoubtfire	The Scottish Nanny
schindler	The List of the Saved
dave	The Stand-In President
bronxtale	A Tale from the Bronx
philadelphia93	The Lawyer Who Sued the Firm
nightmarexmas	The Pumpkin King's Christmas
farewellconcubine	The King and His Concubine of the Opera
threecolorsblue	Trilogy of Colours: Blue
shortcuts	Shortcuts Through Los Angeles
remainsday	The Butler's Last Years
naked93	Bare
inthenameofthefather	In My Father's Name
dazedconfused	The Last Day of School, 1976
truromance	A True Love Story
carlitosway	Carlito's Last Chance
ageofinnocence	The Countess and the Lawyer
intheline	The Secret Serviceman
sleeplessseattle	Insomnia in Seattle
weddingbanquet	The Green-Card Wedding
puppetmaster	The Puppeteer's Life
sonatine	The Gangsters on the Beach
baazigar	The Gambler's Revenge
belleepoque	The Beautiful Era
kalifornia	The Serial Killer Road Trip
menacesociety	A Menace to the City
lionking	The King of Pride Rock
forrestgump	Life Is Like a Box of Chocolates
pulpfiction	Dime-Store Stories
shawshank	The Long Escape from Shawshire
truelies	The Spy Who Sold Computers
fourweddings	Wedding Season in England
hoopdreams	Basketball Dreams
edwood	The Worst Director Ever
threecolorsred	Trilogy of Colours: Red
chungking	Chungking Mansions Express
ashestime	The Ashes of Years
eatdrink	The Master Chef's Daughters
beforerain	Before the Storm Breaks
satantango	The Devil's Tango
clerks	Shop Assistants
naturalborn	Born to Kill
mask94	The Green Mask
dumbdumber	Two Dimwits to Aspen
madnessking	The Madness of the Mad King
hahk	Who Am I to You?
intervampire	The Vampire Tells All
ghostshell	The Ghost in the Machine
braveheart	The Heart of the Highlands
apollo13	The Moonshot That Failed
heat	The Cop and the Thief
usualsuspects	The Lineup of Suspects
se7en	Seven Deadly Sins
casino	The Tangiers Casino
babe	The Sheep-Pig
sensesensibility	The Dashwood Sisters
clueless	Totally Clueless in Beverly Hills
ddlj	The Bridegroom Will Take the Bride
bombay95	The Lovers of Bombay
goldeneye	Agent 007: The Golden Satellite
waterworld	The Drowned World
batmanforever	The Dark Knight Forever
twelvemonkeys	Twelve Apes
leavinglasvegas	Drinking Away in Las Vegas
citylostchildren	The Dream Thief's Harbour
whiteballoon	The Goldfish Money
fallenangels	Angels Falling at Night
rumblebronx	The Hong Kong Cousin in the Bronx
safe95	Allergic to the World
kids95	Teenagers, Unsupervised
missionimpossible	Operation: Unthinkable
fargo	Brainerd, North Dakota
trainspotting	Choose Life in Leith
jerrymaguire	Show Me the Money, Jerry
englishpatient	The Burned Map-Maker
breakingwaves	The Waves Will Break
secretslies	The Daughter She Gave Away
therock	The Island Prison Siege
longkiss	The Spy with Amnesia
lonestar	The Sheriff's Buried Past
shine	The Pianist Who Shone
irmavep	The Catsuit Remake
kolya	The Cellist and the Boy
romeojuliet96	Romeo and Juliet on Verona Beach
swingers	Money in Vegas, Baby
crash96	The Collision Cult
slingblade	The Man with the Blade
gabbeh	The Carpet Weaver's Love
rajahindustani	The Taxi Driver and the Heiress
indian96	The Old Freedom Fighter
titanic	The Unsinkable
meninblack	The Agents in Dark Suits
lostworld97	Dinosaur Island: The Second Site
goodwillhunting	The Janitor Genius of Boston
asgoodasitgets	As Good as It Will Ever Be
jackiebrown	The Flight Attendant's Score
fullmonty	The Steelworkers Strip
mononoke	The Forest Princess
happytogether	Lovers in Buenos Aires
tastecherry	The Man Who Wants a Burial
unagi	The Barber and the Eel
funnygames97	The Polite Intruders
gattaca	The Borrowed Ladder
fifthelement	The Element Beyond Four
starshiptroopers	Space Infantry
cure97	The Hypnotist
perfectblue	The Idol in Blue
diltopagal	The Heart Has Gone Mad
wagthedog	The Invented War
dongju	The Green Fish of Ilsan
savingryan	The Search for Private Brown
armageddon	The Asteroid Drillers
somethingmary	The Matter with Mary
bugslife	The Ant Colony and the Circus Bugs
rushhour	Hong Kong Cop in L.A.
trumanshow	The Man Who Lived on Television
mulan	The Warrior Daughter
biglebowski	The Dude Abides
rushmore	The Over-Achiever of Rushmore Academy
thinredline	The Thin Line at Guadalcanal
runlolarun	Twenty Minutes to Save Manni
lockstock	Two Smoking Shotguns
eternityday	A Day That Lasts Forever
ringu	The Ring Tape
dilse	From the Heart
kuchkuch	Something Is Happening
satya	The Underworld of Bombay
americanhistoryx	The Skinhead Brother
outofsight	The Marshal and the Bank Robber
pi98	The Number
happiness98	Joy
elizabeth	The Virgin Queen
phantommenace	Space Saga: The Hidden Menace
sixthsense	The Boy Who Sees the Dead
matrix	The Simulation
americanbeauty	The Suburban Rose
blairwitch	The Burkittsville Footage
magnolia	The Frogs of the Valley
beingmalkovich	The Portal into the Actor
election99	Class President
ratcatcher	The Dustbin Strike
topsyturvy	The Mikado Men
runningouttime	A Thief's Last Days
allaboutmymother	Everything About My Mother
rosetta	The Waffle Stand
audition99	The Casting Session
kikujiro	Summer with Kikuo
shiri	Codename Shiri
windwillcarry	The Engineers in the Kurdish Village
hsdchk	I Have Given My Heart Away
officespace	The Cubicle Rebellion
insider	The Whistleblower
irongiant	The Giant from Space
notting	The Bookshop in Notting Lane
mummy99	The Mummy's Curse
gladiator	The General Who Became a Slave
castaway	The Lone Islander
crouchingtiger	The Green Destiny Sword
traffic00	The Cartel Corridor
erinb	The Legal Clerk Who Sued
xmen	The Mutant Academy
memento	Tattoos and Polaroids
requiemdream	The Coney Island Spiral
americanpsycho	The Investment Banker Killer
youcancount	The Sister in Scottsville
fassbinderswomen	The Director's Women
inthemoodforlove	Neighbours in Love
dancerdark	The Factory Musical
battleroyale	The Island Class Trip
jsa	The Border Truce Village
kahonapyaar	Say It's Love
obrother	The Escaped Convicts' Odyssey
chickenrun	The Great Hen Escape
billyelliot	The Miner's Son Who Danced
snatch	The Stolen Diamond Brawl
unbreakable	The Man Who Couldn't Break
devilsbackbone	The Orphanage Ghost
fellowship	The Ring Saga: The Fellowship
hpstone	The Boy Wizard and the Alchemist's Stone
monstersinc	The Scream Factory
shrek	The Swamp Ogre
spiritedaway	Chihiro in the Spirit World
mulholland	The Road Above Los Angeles
made01	Made Men
hedwig	The Rock Diva from East Berlin
amelie	The Fabulous Fate of a Montmartre Waitress
royaltenenbaums	The Family of Geniuses
donniedarko	The Rabbit Called Frank
blackhawkdown	The Mogadishu Mission
trainingday	The First Day on the Beat
lagaan	The Tax Cricket Match
dilchahta	What the Heart Wants
pianoteacher	The Conservatory Professor
nomansland	The Trench Between the Lines
monsoonwedding	The Rainy-Season Wedding
manwasnt	The Barber of Santa Rosa
gosfordpark	The Hunting Lodge Murder
theothers	The House in the Fog
spiderman02	The Web-Slinger
twotowers	The Ring Saga: The Two Fortresses
aotc	Space Saga: The Clone Army
bigfatgreek	The Huge Loud Greek Wedding
chicago	The Jazz-Age Murderesses
catchme	The Teenage Forger
minorityreport	The Pre-Crime Unit
bourneidentity	The Amnesiac Agent
eightmile	Eight Miles North
roadperdition	The Road to Ruin
hero02	The Nameless Swordsman
citygod	The City of Saints
talktoher	The Nurse and the Sleeping Dancer
pianist	The Pianist in Hiding
gangsny	The Five Points Gangs
farfromheaven	Far from Paradise
punchdrunk	The Pudding Miles Man
adaptation	The Orchid Adaptation
infernal	The Two Moles
sympathymrv	A Mercy for Mr. Revenge
devdas02	The Lovelorn Heir
russianark	One Shot Through the Hermitage
darkwater02	The Leaking Apartment
rabbitproof	The Long Fence Home
28dayslater	Four Weeks After
elephant03	The Ordinary School Day
returnking	The Ring Saga: The King Returns
findingnemo	The Lost Clownfish
pirates1	The Pirates of the Spanish Main
matrixreloaded	The Simulation, Part Two
lostintranslation	Lost in Tokyo
oldboy	The Fifteen-Year Prisoner
memoriesmurder	Memories of the Rice Field Murders
americansplendor	The File Clerk's Comic Book
capturingfriedmans	The Family Home Movies
fogofwar	Eleven Lessons from the Secretary
ptu	The Night Patrol
killbill1	The Bride's Vengeance, Part One
goodbyelenin	Farewell to the Party
schoolofrock	The Substitute Rocker
elf	The Overgrown Elf
munnabhai	The Gangster Medical Student
zatoichi03	The Blind Masseur's Return
thereturn03	The Father's Return
shrek2	The Swamp Ogre 2
spiderman2	The Web-Slinger Returns
passionchrist	The Last Hours of the Nazarene
incredibles	The Super Family
azkaban	The Boy Wizard and the Prisoner
fahrenheit911	The Temperature of War
sideways	Wine Country Week
eternalsunshine	The Mind-Erasing Romance
milliondollar	The Boxer from the Ozarks
aviator	The Flying Billionaire
collateral	The Cab Ride
meangirls	The Plastics
layercake	The Layered Deal
primer	The Garage Time Machine
kungfuhustle	The Pig Sty Alley Brawl
downfall	The Last Days in the Bunker
vera	The Kind Abortionist
motorcycle	The Road Trip of a Young Revolutionary
housefly	The House of Flying Knives
2046	Room 2047
tropicalmalady	The Jungle Sickness
nobodyknows	Nobody Noticed
veerzaara	The Pilot and the Pakistani Girl
napoleondyn	The Idaho Nerd
shaundead	Shaun and the Zombies
hotelrwanda	The Hotel in Kigali
revengesith	Space Saga: The Dark Lord Rises
gobletfire	The Boy Wizard and the Fire Cup
narnia1	The Wardrobe Door
kingkong05	The Giant Ape of Skull Island
batmanbegins	The Dark Knight Begins
weddingcrashers	The Party Crashers
brokeback	The Wyoming Shepherds
constantine	The Exorcist of Los Angeles
squidwhale	The Divorcing Writers
election05	The Triad Vote
goodnightluck	The Broadcaster and the Senator
fortyyearvirgin	The Forty-Year-Old Bachelor
marchpenguins	The Long March of the Emperors
tsotsi	The Township Thug
rangde	Paint It Saffron
kisskissbang	Bang Bang Kiss Kiss
pridepredjudice05	The Bennet Sisters
wallacegromit	The Inventor, the Dog and the Were-Bunny
deadmanschest	The Pirates and the Sea Chest
cars	Racers
casinoroyale	Agent 007: The Royal Casino
departed	The Rat in the Unit
borat	The Kazakh Reporter
devilprada	The Fashion Editor from Hell
childrenmen	The Last Children
livesothers	The Stasi Listener
historyboys	The Sheffield Scholarship Boys
election2	The Triad Vote II
starter10	Starter for Ten Points
littlemiss	The Beauty Pageant Road Trip
babel	The Tower of Babble
thequeen	The Monarch
windshakes	The Brothers of the Irish Hills
host06	The Creature from the Han
stilllife	Life Stands Still
lagerahomunna	Keep Going, Munna
omkara	The Jealous Lieutenant
prestige	The Rival Magicians
volver	Coming Home Again
lettersiwo	The Letters from the Island
inconvenient	The Uncomfortable Truth
spiderman3	The Web-Slinger III
transformers	Shape-Shifters
ratatouille	The Rat Chef of Paris
nocountry	No Place for the Old Men
therewillbeblood	The Oil Man
divingbell	The Blinking Memoir
easternpromises	The Midwife's Diary
intothewild	Out to the Wilderness
deathfuneral	Chaos at a Wake
bourneultimatum	The Amnesiac's Ultimatum
4months	Four Months, Three Weeks
persepolis	The Girl from Tehran
zodiac	The Cipher Killer
secretsunshine	The Piano Teacher of Miryang
taarezameen	Stars Fallen to Earth
omshantiom	The Reincarnated Extra
atonement	The Fountain Letter
eliteSquad	The Special Ops Squad
darkknight	The Dark Knight and the Clown
wall_e	The Little Trash Robot
kungfupanda	The Dragon Warrior Panda
twilight	The Vampire Next Desk
slumdog	The Chaiwala Who Won Millions
frostnixon	The Interview with the President
synecdoche	The Theatre Inside New York
wrestler	The Ram
milk	The Mayor of Castro Street
benjaminbutton	The Man Who Aged Backwards
letrightonein	The Girl Who Asked to Come In
gomorrah	The Camorra Chronicles
theclass	The Year in Room 24
hunger	The Hunger Strike
waltzbashir	Dancing with the Ghosts of Beirut
goodbyedeparture	The Encoffiner
ponyo	The Goldfish Princess
ipman	The Wing Chun Master
redcliff	The Battle of the Red Cliffs
agoodyear_x	The Greek Island Wedding Musical
tropicthunder	The Jungle War Movie Disaster
ghajini	The Man Who Can't Remember
rabnebanadi	A Couple Made in Heaven
avatar	The Blue People of Pandoria
up09	The Balloon House
hangover	The Morning After in Vegas
startrek09	Starship Voyage: The New Crew
inglourious	The Inglorious Ones
hurtlocker	The Bomb Disposal Squad
district9	Sector Nine
aneducation	A Schooling in Love
damnedunited	The Doomed Leeds Manager
fantasticfox	The Marvellous Mr. Reynard
aprophet	A Prisoner Prophet
whiteribbon	The Pastor's Village, 1913
threeidiots	Three Fools
dev_d	Dev, Revised
upintheair	The Frequent Flyer
bright_star	The Poet's Last Love
fishtank	The Estate Dancer
moon09	The Lone Moon Miner
dogtooth	The Canine Tooth
secreteyes	The Unsolved Case of the Courthouse
precious09	A Precious Girl in Harlem
aliceww10	Alice Down the Rabbit Hole Again
ironman2	The Iron Suit II
eclipse10	The Vampire Saga: The Eclipse
hpdh1	The Boy Wizard and the Deadly Relics, Part One
inception	The Dream Heist
despicable	The Lovable Villain
httyd	The Dragon Tamer
tangled	The Tower Princess
truegrit10	Rooster's Grit
shutterisland	The Asylum Island
socialnetwork	The Dorm-Room Billionaire
scottpilgrim	Scott vs. the Seven Exes
boonmee	Uncle Boonmee Remembers
ofgodsmen	The Monks of Tibhirine
bulletsfly	The Bandit Who Became Governor
manfromnowhere	The Pawnbroker's Rescue
isawdevil	The Agent and the Killer
mynameiskhan	I Am Not a Terrorist
dabangg	The Fearless Cop
arrietty	The Little Borrower
giftshop	Exit via the Souvenir Stand
insidejob	The Inside Crash
bluevalentine	A Blue Romance
carlos10	Carlos the Jackal
petitsmouchoirs	The Seaside Lies Between Friends
biutiful	The Beautiful Life
hpdh2	The Boy Wizard and the Deadly Relics, Part Two
transformers3	Shape-Shifters: The Dark Side of the Moon
breakingdawn1	The Vampire Saga: Daybreak, Part One
hangover2	The Morning After in Bangkok
pirates4	The Pirates and the Fountain of Youth
ghostprotocol	Operation: Ghost Protocol
thor11	The Thunder God
capamerica1	The Star-Spangled Soldier
riseapes	The Uprising of the Apes
theartist	The Silent Star
midnightparis	Midnight in the Jazz Age
drive11	The Getaway Driver
treeoflife	The Waco Family Cosmos
melancholia	The Blue Planet Wedding
anatolia	Night on the Anatolian Steppe
hugo	The Boy in the Station Clock
moneyball	The Numbers Game
descendants	The Heirs of Kauai
tinkertailor	The Mole in the Circus
kevin11	We Have to Discuss Kevin
kidbike	The Boy with the Bicycle
bodyguard11	The Loyal Bodyguard
flowerswar	The Courtesans of Nanjing
flyingswords	The Flying Blades of the Dragon Gate
warofarrows	The Archer's War
sunny11	The Sunny Seven
poppyhill	The Flags on Poppy Hill
takeshelter	The Storm Cellar
marthamarcy	Martha, Also Marcy
margincall	The Last Night at the Bank
contagion	The Outbreak
rango	The Chameleon Sheriff
warrior11	The Brothers in the Cage
avengers12	The Defenders Assemble
darkknightrises	The Dark Knight's Last Stand
skyfall	Agent 007: The Fall from the Sky
hobbit1	The Halfling Leaves the Shire
breakingdawn2	The Vampire Saga: Daybreak, Part Two
amazingspider	The Astonishing Web-Slinger
ted12	The Foul-Mouthed Teddy Bear
lincoln	The Emancipator
djangounchained	The Freed Gunslinger
lesmis	The Wretched of Paris
argo	The Fake Science-Fiction Film
silverlinings	The Bright Side Playbook
lifeofpi	The Boy and the Tiger in the Lifeboat
zerodark	Thirty Minutes After Midnight
amour	Love at the End
holymotors	The Limousine of Lives
themaster	The Cult Leader
beastssouthern	The Wild Things of the Bathtub
theraid	The High-Rise Raid
cz12	The Twelve Bronze Heads
masquerade12	The King's Double
ektha	Codename: Tiger
gangsofwasseypur	The Coal Gangs of Dhanbad
huntjagten	The Accused Teacher
barbara12	The Doctor in Exile
searchsugarman	Looking for the Lost Singer
actofkilling	The Killers Reenact
storiesweetell	The Stories Families Tell
wadjda	The Green Bicycle
looper	The Time Hitman
cabininwoods	The Lab Under the Cabin
catchingfire	The Tribute Games: Kindling
ironman3	The Iron Suit III
despicable2	The Lovable Villain 2
gravity	Zero Gravity
hobbit2	The Halfling and the Dragon's Lair
greatgatsby	The Splendid Gatsby
conjuring	The Haunting of the Perron House
americanhustle	The Abscam Sting
wolfwallst	The Wolf of Wall Street Penny Stocks
12yearsslave	Twelve Years in Chains
dallasbuyers	The Dallas Drug Club
her13	The Voice in the Phone
llewyndavis	The Folk Singer's Cat
milius	The Swashbuckling Screenwriter
bluewarmest	The Girl with the Blue Hair
greatbeauty	The Grand Beauty of Rome
windrises	The Wind Picks Up
miraclecell7	The Miracle of the Prison Cell
snowpiercer	The Endless Train
journeywest13	Journey West: Taming the Demons
grandmaster	The Wing Chun Grandmaster
lunchbox	The Lost Tiffin
beforemidnight	Before the Night Ends
nebraska	The Million-Dollar Sweepstakes
fruitvale	The Oakland Station
onlyloverslive	Only the Lovers Survive
captainphillips	The Hijacked Freighter
mockingjay1	The Tribute Games: Songbird, Part One
guardians	The Galactic Misfits
wintersoldier	The Star-Spangled Soldier and the Ghost
legomovie	The Building Block Movie
interstellar	Between the Stars
httyd2	The Dragon Tamer 2
paddington	The Bear from Peru
birdman	The Bird-Man of Broadway
boyhood	Twelve Years of Growing Up
grandbudapest	The Concierge of the Zubrowka
whiplash	Not Quite My Tempo
inherentvice	The Doped Detective
nightcrawler	The Night Stringer
selma	The March from Selma
babadook	The Pop-Up Monster
leviathan14	The Sea Beast of the North
winterssleep	The Winter Hotel
ida	The Novice Ida
phoenix14	The Phoenix Rises
wildtales	Savage Stories
pk	The Visitor from Another Planet
roaringcurrents	The Admiral's Thirteen Ships
odefather	The Father from Hungnam
breakupbuddies	The Breakup Road Trip
monkeyking14	The Monkey King Storms Heaven Again
shaunwhatwedo	The Wellington Vampire Flat
mommy	Ma
forcemajeure	The Avalanche Lunch
citizenfour	The Leak
twodaysonenight	Two Days to Keep Her Job
johnwick	The Retired Hitman's Puppy
forceawakens	Space Saga: The Awakening
jurassicworld	Dinosaur Island: The Theme Park
ageofultron	The Defenders and the Rogue Machine
insideout	The Feelings Inside
minions	The Little Yellow Henchmen
martian	The Stranded Astronaut
revenant	The Man Who Came Back
madmaxfury	The Road Warrior: Fury Highway
spotlight	The Investigative Team
bigshort	Betting Against the Bubble
room15	The Shed
carol15	The Lady at the Glove Counter
exmachina	The Thinking Machine
sicario	The Hitman of the Border
endoftour	The Last Days of the Book Tour
sleepingothers	Sleeping Around
thelure	The Mermaids of Warsaw
sonofsaul	The Son in the Camp
dheepan	The Tamil Refugee
assassin15	The Tang Dynasty Assassin
lobster	The Hotel for Singles
embraceserpent	The Serpent's Embrace
monsterhunt	The Baby Monster King
bahubali1	The Warrior King: The Beginning
bajrangi	Brother Bajrangi
veteran15	The Veteran Cop
hatefuleight	Eight Hateful Strangers
anomalisa	The Odd Voice
straightoutta	Compton's Loudest
creed	The Champion's Son
witch15	The Woods Witch of New England
tangerine	Christmas Eve on Santa Monica
rogueone	Space Saga: The Rogue Squad
findingdory	The Forgetful Fish
civilwar	The Defenders' Civil War
secretpets	The Pets Home Alone
junglebook16	The Man-Cub
deadpool	The Merc with a Mouth
bvs	Dark Knight vs. Man of Iron
lalaland	City of Stars
moonlight	The Blue Light of the Moon
manbythesea	The Man from Manchester
arrival	The Linguist
hellhighwater	Come Floodwaters or Fire
womenwomen20c	Women of the Twentieth Century
swissarmyman	The Multi-Tool Corpse
freefire	The Warehouse Shoot-Out
mindhorn	The Detective with the Bionic Eye
neighbors2	The Neighbours Strike Back
traintobusan	Last Train to the South Coast
yourname	What Was Your Name Again?
dangal	The Wrestler's Daughters
mermaid16	The Mermaid Assassin
tonierdmann	Father in a Wig
danielblake	Me, Danny Blake
patersonf	The Poet Bus Driver
hunt4wilder	The Wild Kid and the Uncle
moana16	The Voyager of Motunui
getout	The Weekend with the Armitage Family
lastjedi	Space Saga: The Last Knight
beautybeast17	The Beast's Enchanted Castle
wonderwoman	The Amazon Princess
jumanji17	The Jungle Game
guardians2	The Galactic Misfits 2
spidermanhc	The Web-Slinger Comes Home
ragnarok	The Thunder God's Twilight
justiceleague	The League of Heroes
logan	The Old Claw
coco	The Land of the Dead Guitarist
greatestshowman	The Circus Impresario
shapewater	The Shape of the Lagoon Creature
threebillboards	Three Roadside Signs
ladybird	Little Bird of Sacramento
callmebyname	One Italian Summer
phantomthread	The Dressmaker's Hidden Thread
thepost	The Paper
firstreformed	The Pastor of First Church
lucky17	The Old Man Named Lucky
theparty17	The Dinner Party Disaster
murderorient	The Murder on the Express Train
battlesexes	The Tennis Match of the Sexes
girlstrip	The Girls' Weekend
hitmansbodyguard	The Assassin's Minder
paddington2	The Bear from Peru Returns
disasterartist	The World's Worst Movie Man
baahubali2	The Warrior King: The Conclusion
alongwithgods	The Afterlife Trials
taxidriverkr	The Gwangju Taxi Driver
thesquare	The Art Installation
lovelessz	Unloved
faceplaces	Villages and Faces
floridaproject	Summer at the Magic Castle Motel
bladerunner2049	The Replicant Hunter, 2049
infinitywar	The Defenders: Infinite War
incredibles2	The Super Family 2
fallenkingdom	Dinosaur Island: The Volcano
aquaman	The King of the Seas
deadpool2	The Merc with a Mouth 2
fallout	Operation: Fallout
bohemian	The Rock Opera Rhapsody
starisborn18	A Star Is Minted
spiderverse	Web-Slingers Across the Worlds
quietplace	Sounds Kill
crazyrichasians	Crazy Rich Singaporeans
roma	Colonia Roma
favourite	The Queen's Favourite
greenbook	The Travel Guide for the South
blackkklansman	The Black Klan Infiltrator
firstman	The First on the Moon
sorrytobother	The Telemarketer's Voice
thunderroad	The Cop at the Funeral
freesolo	Climbing Without Ropes
sistersbrothers	The Bounty-Hunting Brothers
badtimes	The Night at the Border Motel
setitup	The Assistants' Matchmaking
gamenight	The Game Night Gone Wrong
tag18	You're It
predator18	The Hunter from Beyond
antmanwasp	The Shrinking Man and the Wasp
shoplifters	The Shoplifting Family
burning18	The Barn Burner
coldwar	The Cold Romance
capernaum	The Boy Who Sued His Parents
operationredsea	The Red Sea Rescue
dying2survive	The Generic Drug Smuggler
padmaavat	The Queen of Chittor
andhadhun	The Blind Pianist
hereditary	The Graham Family Inheritance
endgame	The Defenders: Final Act
lionking19	The King of Pride Rock
riseskywalker	Space Saga: The Last Rising
frozen2	The Ice Queen II
captainmarvel	The Star Commander
farfromhome	The Web-Slinger Abroad
joker	The Clown Prince
knivesout	The Thrombey Inheritance
1917	The Message Across No Man's Land
ouatih	Long Ago in Tinseltown
parasite	The Basement Tenants
irishman	The House Painter
marriagestory	A Divorce Story
uncutgems	The Black Opal
lighthouse	The Lighthouse Keepers
dolemitename	Call Me Dolomite
peanutbutterfalcon	The Wrestling Fan on the River
painglory	Pain and Fame
copperfield	The Many Lives of Davy Copperhill
winecountry	The Napa Birthday Weekend
plusone	The Wedding Plus-One
lesmiserables19	The Wretched of Montfermeil
bacurau	The Village Off the Map
collective	The Hospital Scandal
midsommar	The Midsummer Festival
fordferrari	The Le Mans Rivalry
nezha	The Demon Boy
wanderingearth	The Drifting Planet
extremejob	The Fried-Chicken Stakeout
weatheringyou	The Weather Girl
atlantics	The Atlantic Spirits
honeyland	The Beekeeper's Land
badboysforlife	Miami Partners for Life
sonic20	The Blue Speedster
birdsofprey	The Raptors
tenet	Inversion
wonderwoman84	The Amazon Princess, 1984
soul20	The Jazz Soul
nomadland	The Van Dwellers
palmsprings	The Endless Wedding Day
trialchicago7	The Chicago Seven on Trial
enolaholmes	The Detective's Younger Sister
hamilton20	The Founding Father Musical
americanutopia	American Utopia in Concert
dickjohnsondead	Rehearsing My Father's Death
boysstate	The Boys' Mock Legislature
thefight20	The Civil Liberties Lawyers
anotherround	One More Drink
dustin	The Rave
fatherthe	The Old Man's Flat
minari	The Water Celery Farm
soundmetal	The Deafening
promisingyoung	A Very Promising Woman
eighthundred	The Last Warehouse Defenders
tanhaji	The Lion of the Fort
wife_spy	The Spy's Wife
nevertarely	Rarely, Never, Sometimes
onenightmiami	One Night After the Fight
nowayhome	The Web-Slinger: No Exit
shangchi	The Ten Rings Master
notimetodie	Agent 007: No Time Left
dune21	The Desert Planet
powerdog	The Rancher's Brother
coda	The Hearing Daughter
licoricepizza	Liquorice Pie
greenknight	The Knight of the Green Chapel
macbeth21	The Scottish Play
handofgod	The Hand of the Great Footballer
parallelmothers	Two Mothers Side by Side
drivemycar	The Red Saab
nobody21	The Unremarkable Man
suicidesquad21	The Doomed Squad
badtrip	The Prank Road Trip
titane	The Titanium Woman
worstperson	The Worst Person Alive
belfast	A Boyhood in Belfast
encanto	The Magical House of the Madrigal Family
pushpa1	The Red Sandalwood Smuggler
escapemogadishu	The Embassy Escape
summerofsoul	The Harlem Summer Festival, 1969
kingrichard	The Father of Champions
westsidestory21	The Sharks and the Jets of Manhattan
topgunmaverick	Ace Pilot: The Maverick Returns
wayofwater	The Blue People of the Reef
wakandaforever	The Panther Kingdom Forever
multiversemadness	The Sorcerer and the Multiverse
dominion	Dinosaur Island: Dominion
riseofgru	The Little Yellow Henchmen: Origins
thebatman	The Bat of Gotham
lovethunder	The Thunder God's Love Song
sonic2	The Blue Speedster 2
pussinboots2	The Booted Cat's Final Life
blackadam	The Black Champion
elvis22	The King of Rock
lightyear	The Space Ranger
lostcity	The Lost Jungle Novel
bullettrain	The Shinkansen Assassins
badguys	The Animal Gang of Thieves
fbsecrets	Magical Creatures: The Headmaster's Secrets
crawdads	The Marsh Girl
blackphone	The Disconnected Phone
eeaao	The Laundromat Multiverse
glassonion	The Glass Onion Mystery
tar	The Conductor
banshees	The Feud on Inisheer
fabelmans	The Family Fabelman
babylon	The Wild Days of Silent Hollywood
thewhale	The Teacher in the Dark Room
womentalking	The Women Debate
allquiet22	Nothing New at the Front
pinocchio22	The Wooden Boy of the Great War
navalny	The Poisoned Opposition Leader
rrr	Rise, Roar, Revolt
kgf2	The Gold Fields: Chapter Two
ps1	The Chola Prince: Part One
vikram22	The Black Ops Veteran
brahmastra	The Celestial Weapon: Part One
kantara	The Forest Spirit's Festival
changjin2	The Frozen Lake II
moonman	The Last Man on the Moon
roundup	The Big Roundup in Vietnam
hansan	The Admiral's Crane Wing
decisiontoleave	The Detective and the Widow
broker	The Baby Brokers
onepiecered	Pirate Saga: Red
suzume	The Girl Who Closes Doors
slamdunk	The Point Guard's First Game
triangleofsadness	The Luxury Cruise Wreck
close22	Inseparable
eo	The Donkey
holyspider	The Spider of Mashhad
toriandlokita	The Migrant Siblings
alcarras	The Peach Orchard
allthebeauty	The Photographer's Crusade
saintomer	The Trial at Saint-Rémy
trenquelauquen	The Disappearance in the Pampas Town
thenorthman	The Viking Prince
argentina1985	The Trial of the Juntas
returntoseoul	Back to Seoul
xfilm	The Farmhouse Shoot
pearl	The Farmgirl's Dream
barbarian	The Rental Basement
marcelshell	The Little Shell Wearing Shoes
turningred	The Red Panda Girl
bardo	The Mexican Journalist's Limbo
blonde	The Blonde Icon
godland	The Priest of the Ice Land
pacifiction	The Tahiti Commissioner
corsage	The Rebellious Empress
athena	The Housing Estate Siege
till	The Mother of Emmett
simone22	The Life of Simone Veil
bukastreet	The Feuding Food Sellers
barbie	The Fashion Doll
mariomovie	The Plumber Brothers Movie
acrossspiderverse	Web-Slingers Across the Worlds 2
gotg3	The Galactic Misfits 3
oppenheimer	The Physicist of the Mesa
littlemermaid23	The Mermaid Princess
wonka	The Young Chocolatier
quantumania	The Shrinking Man and the Quantum Realm
johnwick4	The Retired Hitman: Chapter Four
erastour	The Pop Star's Eras Concert
dialofdestiny	The Adventurer and the Dial of Fate
deadreckoning	Operation: Dead Reckoning
songbirds	The Tribute Games: The Songbird's Ballad
riseofbeasts	Shape-Shifters: The Beasts Rise
creed3	The Champion's Son III
elemental	The City of Elements
fnaf	Five Nights at the Pizza Palace
aquaman2	The King of the Seas and the Sunken Realm
mutantmayhem	The Sewer Turtle Brothers
theflash	The Speedster
m3gan	The Companion Doll
anyonebutyou	The Wedding in Sydney
themarvels	The Star Commanders
killersflower	The Osage Murders
evildeadrise	The Book of the Dead Rises
wish	The Wishing Star
napoleon23	The Emperor of the French
godzillaminusone	The Sea Monster: Below Zero
boyheron	The Boy and the Grey Bird Tower
air23	The Sneaker Deal
talktome	Speak with the Hand
poorthings	Poor Creatures
anatomyfall	The Anatomy of a Fall from the Chalet
zoneofinterest	The House Beside the Camp
holdovers	The Christmas Holdouts
americanfiction	The Novelist's Hoax
pastlives	Earlier Lives
maydecember	Spring and Winter
maestro	The Composer-Conductor
priscilla	The Bride of the King
saltburn	The Country House Guest
ironclaw	The Wrestling Brothers' Curse
allofusstrangers	All the Strangers We Were
asteroidcity	The Meteor Town
societysnow	The Andes Survivors
perfectdays	The Toilet Cleaner's Good Days
monster23	The Monster at School
fallenleaves	The Karaoke Lovers of Helsinki
tasteofthings	The Chef and the Gourmet
evildoesnotexist	There Is No Evil Here
iocapitano	The Captain Boy
lachimera	The Tomb Robbers' Chimera
ontheadamant	The Floating Day Centre
teacherslounge	The Staff Room
robotdreams	The Dog and His Robot
totem23	The Birthday Totem
here23	Here in Brussels
yellowcocoon	The Yellow Chrysalis
musketeers_dartagnan	The Royal Guards: D'Artagnan
musketeers_milady	The Royal Guards: Milady
asterixmiddle	The Gauls in the Middle Kingdom
wanderingearth2	The Drifting Planet II
pathaan	The Spy Called Pathan
jawan	The Soldier's Vigilantes
animal23	The Beast Within
jailer	The Retired Warden
twelvetwelve	The Coup of December 12
roundup3	The Big Roundup: No Exit
concreteutopia	The Last Apartment Standing
twentydays	Twenty Days in the Besieged City
blackberry	The Smartphone Before the Smartphone
tribejudah	The Tribe of Judah's Heist
insideout2	The Feelings Inside 2
deadpoolwolverine	The Merc with a Mouth and the Clawed One
wicked	The Wicked Witch of the West, Before
moana2	The Voyager of Motunui 2
despicable4	The Lovable Villain 4
beetlejuice2	The Ghost with the Most, Twice
dune2	The Desert Planet: Part Two
twisters	Tornado Chasers
mufasa	The King of Pride Rock: The Orphan Cub
sonic3	The Blue Speedster 3
gxk	The Sea Monster and the Giant Ape: A New Empire
kungfupanda4	The Dragon Warrior Panda 4
badboys4	Miami Partners: Ride or Die
gladiator2	The General Who Became a Slave II
kingdomapes	The Kingdom of the Apes
itendswithus	It Ends Here
wildrobot	The Robot in the Wild
venom3	The Symbiote's Last Dance
quietplaceday1	Sounds Kill: Day One
alienromulus	The Creature from the Derelict
nosferatu24	The Count of Wisborg
completeunknown	A Total Stranger
longlegs	The Long-Legged Killer
civilwar24	The Second Civil War
furiosa	The Road Warrior: Furiosa
challengers	The Tennis Triangle
conclave	The Papal Election
anora	The Stripper and the Oligarch's Son
brutalist	The Hungarian Architect
realpain	A Genuine Pain
emiliaperez	The Cartel Boss's New Life
thesubstance	The Rejuvenation Serum
flow24	The Flood and the Cat
imstillhere	I'm Still Standing
nootherland	Masafer Yatta
allweimagine	All We Imagine as Light in Bombay
vermiglio	The Mountain Village Winter
roomnextdoor	The Room Across the Hall
dahomey	The Twenty-Six Treasures
sacredfig	The Sacred Fig's Seed
grandtour	The Grand Asian Tour
kindsofkindness	Three Fables of Devotion
babygirl	The CEO and the Intern
nickelboys	The Reform School Boys
singsing	The Prison Theatre Troupe
hitman24	The Fake Hitman
yolo24	You Only Live Once
pegasus2	The Rally Racer 2
conan24	The Boy Detective and the Million-Dollar Star
exhuma	The Exhumation
roundup4	The Big Roundup: Punishment
pushpa2	The Red Sandalwood Smuggler 2
kalki	The Avatar of 2898
stree2	The Ghost Woman 2
littleextra	A Little Extra Something
jenifa24	Jenny Goes to Ghana
zootopia2	The Animal City 2
minecraft	The Block-Building Movie
lilostitch25	Lilo and the Blue Alien
fireandash	The Blue People: Fire and Ash
superman25	The Man of Iron
wickedforgood	The Wicked Witch: Forever
jwrebirth	Dinosaur Island: Rebirth
sinners	The Juke Joint Vampires
fantastic4	The Cosmic-Ray Four: First Steps
httyd25	The Dragon Tamer
capamerica4	The Star-Spangled Soldier: New World
finalreckoning	Operation: The Final Reckoning
thunderbolts	The Lightning Bolts
conjuring4	The Haunting: Final Exorcism
weapons	The Missing Children of Maybrook
fd6	Death's Design: Bloodlines
fnaf2	Five Nights at the Pizza Palace 2
housemaid25	The Live-In Maid
martysupreme	The Table Tennis Hustler
freakierfriday	The Even Weirder Friday
predatorbadlands	The Hunter from Beyond: Badlands
snowwhite25	Snowdrop
mickey17	The Expendable Clone
onebattle	The Ex-Revolutionary's Daughter
hamnet	The Playwright's Son
sentimentalvalue	The Director and His Daughters
secretagent	The Covert Agent of Recife
frankenstein25	The Stitched Man
kpopdemon	The Singing Demon Hunters
mrnobody	The Schoolteacher Against the Kremlin
justanaccident	A Simple Accident
fathermother	Brother, Sister, Mother, Father
hindrajab	The Voice from Gaza
smashingmachine	The Cage Fighter
bluetrail	The Old Woman Down the Amazon
soundoffalling	The Sound of a Fall
sirat	The Desert Rave Road
magellan	The Navigator
apoet	The Poet from Medellín
youngmothers	The Teenage Mothers' Home
bugonia	The Beekeeper's Abduction
nouvellevague	The New Wave
trainreams	The Railway Logger's Dreams
nezha2	The Demon Boy 2
dcc1900	The Chinatown Detective, 1900
dhurandhar	The Undercover Operative
kantara1	The Forest Spirit's Festival: Chapter One
chhaava	The Lion Cub of the Marathas
zombiedaughter	My Little Zombie Girl
godsavetuche	Long Live the Tuche Family
behindscenes25	Behind the Curtain
sendhelp	Stranded with the Boss
ironlung	The Iron Submarine
bonetemple	The Bone Temple of the Infected
wutheringheights	Storm Over the Moors
goat26	The Greatest Goat
crime101	The Coastal Highway Thief
hoppers	The Beaver Brain-Swap
remindersofhim	Remembrance of Him
hailmary	The Last-Chance Mission
mariogalaxy	The Plumber Brothers in Space
thedrama	The Wedding Drama
michael	The King of Pop
prada2	The Fashion Editor from Hell 2
mk2	Tournament of Death II
sheepdetectives	The Flock Investigates
obsession26	Fixation
mandogrogu	Space Saga: The Bounty Hunter and the Foundling
scarymovie26	The Parody Horror Movie
motu	Lords of the Cosmos
disclosureday	The Day of Revelation
toystory5	Playroom Tales 5
supergirl26	The Girl of Iron
minionsmonsters	The Little Yellow Henchmen and the Monsters
moana_la	The Voyager of Motunui
evildeadburn	The Book of the Dead Burns
theodyssey	The Long Way Home from Troy
spidermanbnd	The Web-Slinger: A New Day
endofoakstreet	The Last House on Oak Lane
pawpatroldino	The Rescue Pups and the Dinosaurs
insidious6	The Further Beyond
coyotevsacme	The Coyote Sues the Gadget Company
practicalmagic2	The Witch Sisters 2
residentevil26	The Umbrella Outbreak
pegasus3	The Rally Racer 3
dhurandhar2	The Undercover Operative: Revenge
josephine	Jo
yellowletters	The Yellow Notices
salvation26	Deliverance
fjord	The Fjord House
minotaur	The Bull-Headed Man
dreamedadventure	The Adventure in a Dream
allofasudden	Suddenly, Everything
coward26	The Deserter
sheepinthebox	The Lamb in the Crate
fatherland26	The Homeland
papertiger	The Paper Lion
possiblelove	A Love That Could Be
ink26	The Tattooist
hausu	The House That Ate Schoolgirls
alice88	Alenka in the Cellar
oceans11_01	The Bellagio Eleven
intouchables	The Unlikely Carer
it17	The Clown in the Drain
dreams25	Dreams of Love and Sex
