bitzer	Billy Bitzer	Billy Blitzen
lgish	Lillian Gish	Lillian Wish
dgish	Dorothy Gish	Dorothy Wish
swanson	Gloria Swanson	Gloria Swansong
normand	Mabel Normand	Mabel Normandy
chaplin	Charlie Chaplin	Charlie Chapelle
hardy	Oliver Hardy	Oliver Hearty
valentino	Rudolph Valentino	Rudolph Valentine
ford	John Ford	John Fjord
brown_c	Clarence Brown	Clarence Bruin
jwarner	Jack L. Warner	Jack L. Warden
cukor	George Cukor	George Cuckoo
preminger	Otto Preminger	Otto Premier
taurog	Norman Taurog	Norman Taurus
ruggles	Wesley Ruggles	Wesley Wriggles
nugent	Elliott Nugent	Elliott Nugget
tuttle	Frank Tuttle	Frank Turtle
hughes	Howard Hughes	Howard Huge
cohn	Harry Cohn	Harry Cone
riskin	Robert Riskin	Robert Risking
bacall	Lauren Bacall	Lauren Bacalao
grant	Cary Grant	Cary Granite
fonda	Henry Fonda	Henry Fondue
marx	Groucho Marx	Groucho Marks
muni	Paul Muni	Paul Munich
rainer	Luise Rainer	Luise Rainier
fontaine	Joan Fontaine	Joan Fountain
mason	James Mason	James Masonry
livesey	Roger Livesey	Roger Lively
vigo	Jean Vigo	Jean Vigor
arletty	Arletty	Arlette Montrouge
magnani	Anna Magnani	Anna Magnanima
taylor_e	Elizabeth Taylor	Elizabeth Tailor
burton	Richard Burton	Richard Burden
eastwood	Clint Eastwood	Clint Westwood
ladd	Alan Ladd	Alan Laddie
marvin	Lee Marvin	Lee Marvel
wise	Robert Wise	Robert Wisely
lumet	Sidney Lumet	Sidney Lumen
cushing	Peter Cushing	Peter Cushion
losey	Joseph Losey	Joseph Loosely
furie	Sidney J. Furie	Sidney J. Fury
defunes	Louis de Funès	Louis de Fumée
pereira	Nelson Pereira dos Santos	Nelson Peixoto dos Anjos
swift	David Swift	David Swiftly
pollack	Sydney Pollack	Sydney Pollock
fonda_p	Peter Fonda	Peter Fondue
goldman	William Goldman	William Goldmine
ruddy	Albert S. Ruddy	Albert S. Rudder
vanpeebles	Melvin Van Peebles	Melvin Van Pebbles
hooper	Tobe Hooper	Tobe Hoopla
depalma	Brian De Palma	Brian De Palmer
redford	Robert Redford	Robert Redwood
martin_d	Dean Martin	Dean Martini
gould	Elliott Gould	Elliott Gold
divine	Divine	Divinia Glamourpuss
ford_h	Harrison Ford	Harrison Fjord
sunra	Sun Ra	Sun Rah
stallone	Sylvester Stallone	Sylvester Stallion
fonda_j	Jane Fonda	Jane Fondue
pesci	Joe Pesci	Joe Pesky
biehn	Michael Biehn	Michael Bean
swayze	Patrick Swayze	Patrick Sway
cruise	Tom Cruise	Tom Cruiser
ryder	Winona Ryder	Winona Rider
tandy	Jessica Tandy	Jessica Tandem
spader	James Spader	James Spade
hardy_r	Robin Hardy	Robin Hearty
warnock	Craig Warnock	Craig Warlock
bonhamcarter	Helena Bonham Carter	Helena Bonham Carver
lone	John Lone	John Loan
depardieu	Gérard Depardieu	Gérard Deparbleu
brown_b	Bryan Brown	Bryan Bruin
columbus	Chris Columbus	Chris Columbia
madonna	Madonna	Madonnina
kamen	Michael Kamen	Michael Cameo
bean	Sean Bean	Sean Legume
spheeris	Penelope Spheeris	Penelope Spheres
carvey	Dana Carvey	Dana Carver
hughesbros	The Hughes Brothers	The Menace Brothers
avary	Roger Avary	Roger Aviary
grant_h	Hugh Grant	Hugh Granite
taylor_rich	Richard Taylor	Richard Tailor
farrelly	The Farrelly Brothers	The Dumbarton Brothers
paltrow	Gwyneth Paltrow	Gwyneth Paltry
heckerling	Amy Heckerling	Amy Heckling
shue	Elisabeth Shue	Elisabeth Shoe
martin_c	Catherine Martin	Catherine Martini
schamus	James Schamus	James Shamus
yeoman	Robert Yeoman	Robert Yeomanry
taylor_j	Jim Taylor	Jim Tailor
sandler	Adam Sandler	Adam Sandlot
degeneres	Ellen DeGeneres	Ellen DeGenerous
bloom	Orlando Bloom	Orlando Blossom
ferrell	Will Ferrell	Will Ferrule
swank	Hilary Swank	Hilary Swanky
hardy_t	Tom Hardy	Tom Hearty
nighy	Bill Nighy	Bill Nightly
blunt	Emily Blunt	Emily Bluntly
kind	Richard Kind	Richard Kindly
hooper_t	Tom Hooper	Tom Hoopla
piccoli	Michel Piccoli	Michel Piccolo
vantema	Hoyte van Hoytema	Hoyte van Interstel
campion	Jane Campion	Jane Champion
beetz	Zazie Beetz	Zazie Beets
brown_js	Jasmin Savoy Brown	Jasmin Savoy Bruin
brown_mb	Millie Bobby Brown	Millie Bobby Bruin
brown_sk	Sterling K. Brown	Sterling K. Bruin
dearmas	Ana de Armas	Ana de Armada
fleischercamp	Dean Fleischer Camp	Dean Shellmarcel Camp
friend_j	James Friend	James Friendly
gota	Stefan Gota	Stefan Gotta
goth_m	Mia Goth	Mia Gothic
heard	Amber Heard	Amber Herd
infiniti	Chase Infiniti	Chase Infinity
jr_artist	JR	XR
merlant	Noémie Merlant	Noémie Merlin
pierre_a	Aaron Pierre	Aaron Pierrot
rampling	Charlotte Rampling	Charlotte Rambling
rhodes_t	Trevante Rhodes	Trevante Rhodesia
rhymer	Andrew Rhymer	Andrew Rhymes
sonlux	Son Lux	Son Luxe
stella_m	Maisy Stella	Maisy Stellar
swift_t	Taylor Swift	Taylor Swiftly
taylor_tate	Tate Taylor	Tate Tailor
taylor_teyana	Teyana Taylor	Teyana Tailor
urban_k	Karl Urban	Karl Urbane
vallee	Jean-Marc Vallée	Jean-Marc Valley
scanlon	Claire Scanlon	Claire Scallion
wise_ja	Jason Wise	Jason Wisely
wu_c	Constance Wu	Constance Woo
berlin_i	Irving Berlin	Irving Berliner
sherman_rm	The Sherman Brothers	The Shepherd Brothers
sdburman	S. D. Burman	S. D. Barman
rdburman	R. D. Burman	R. D. Barman
grot	Anton Grot	Anton Grotto
ferretti	Dante Ferretti	Dante Inferretti
platt	Polly Platt	Polly Platter
beaton	Cecil Beaton	Cecil Beaten
ryder_l	Loren L. Ryder	Loren L. Rider
brown_bb	Bernard B. Brown	Bernard B. Bruin
warner_f	Frank Warner	Frank Warden
tuttle_w	William Tuttle	William Turtle
roos	Fred Roos	Fred Roost
taylor_ju	Juliet Taylor	Juliet Tailor
jackiestuntteam	Jackie Chan Stunt Team	The Jackie Kong Stunt Team
taylor_gil	Gilbert Taylor	Gilbert Tailor
