edison	Edisonic Lightworks Co.
lumiere	Société Lumineuse
gaumont	Gaumonde
pathe	Pathfinder Frères
starfilm	Twinkle Star Films
biograph	American Mutagraph & Biotone
vitagraph	Vitality Pictures
selig	Happy Polyscope
essanay	Windy City Studios
hepworth	Hepcat Manufacturing Co.
filmdart	Le Film d'Atelier
nordisk	Nordlys Film
cines	Cinecastello
itala	Italica Film
ambrosio	Ambrosia Film
milano	Mediolanum Films
svbio	Svea Bio
svensk	Svea Filmindustri
keystone	Cornerstone Kapers Studios
universal	Omniversal Pictures
epoch	Birth Year Producing Co.
triangle	Trine Film Corporation
fox	Vixen Film Corporation
metro	Metropole Pictures
ua	United Artisans
roach	Hal Cockroach Studios
pathex	Pathfinder Exchange
lloyd	Harold Lift Corporation
mgm	Metro-Goldmine-Mayhem
columbia	Colombina Pictures
disney	Dizzy Brothers Cartoon Studio
rko	Wireless Kinema Pictures
micheaux	Michelet Film Corporation
ufa	Kosmos Film AG
decla	Expressio-Bioscop
prana	Prana-Nosferatu Film
nero	Nimbus-Film
gainsborough	Gainsborrow Pictures
bip	British Imperial Pictures
nikkatsu	Nippon Katsudo
shochiku	Shochiku-Kamata
hindustan	Hindsight Films
mingxing	Bright Star Film Company
mezhrabpom	Mezhdunarodnaya-Rus
vufku	VUKINO
tait	J. & N. Tattersall
twentieth	Twentieth Century Fable Pictures
fox20	20th Century-Vixen
selznick	Selzer International Pictures
goldwyn	Samuel Goldwand Productions
republic	Republic of Pictures
monogram	Monocle Pictures
prc	Producers' Releasing Racket
liberty	Liberty Bell Films
argosy	Argonaut Pictures
caddo	The Hell's Aviator Company
fleischer	Fleshier Studios
londonfilms	Thames Film Productions
gaumontbrit	Gaumonde-British
ealing	Healing Studios
rank	The Rankle Organisation
twocities	Twin Towns Films
archers	The Bowmen
cineguild	Cinecraft Guild
tobis	Tonbild Film
continental	Continental Drift Films
lux	Lucciola Film
titanus	Titanic Film
defa	Babelsberg People's Film
mosfilm	Moskino
lenfilm	Nevafilm
toho	Toyo Hoshi
daiei	Dai-Nippon Eiga
shintoho	New Toyo Hoshi
lianhua	Lotus Union Film Company
tianyi	Heaven One Film Company
kunlun	Mount Kunlun Pictures
wenhua	Culture Light Film Company
imperialfilm	Empress Film Company
bombaytalkies	Bombay Chatterboxes
prabhat	Dawnlight Film Company
wadia	Hunterwali Movietone
rkfilms	R. K. Kapoorama Films
gemini	Twins Studios
avm	Vadapalani Productions
misr	Studio Nil
cinedia	Cinéditora
atlantida	Atlântis Cinematográfica
sonofilm	Argentina Sonido Film
lumiton	Lumifón
clasa	QUETZAL Films Mexicanos
cinesound	Cinesonic Productions
nfb	Dominion Film Board of Canada
palladium	Pallas Film
cifesa	CINESPAÑA
mirisch	The Mirage Company
kramer	Stanley Crammer Productions
horizon	Skyline Pictures
alliedartists	Allied Artisans
bronston	Samuel Bronzetone Productions
embassy	Consulate Pictures
aip	American Independent Pictures
eon	Licence Productions
anglo	Anglo-Mixture
jolly	Jolly Roger Film
pea	Produzioni Europee Riunite
cineriz	Cinerisotto
delaurentiis	Dino De Laurels Cinematografica
carrosse	Les Films du Carrousel
rialto	Rialto Bridge Film
barrandov	Vltava Hill Studios
shaw	Shore Brothers Studio
cathay	Cathedral Organisation
unionfilm	Unity Film Company
cmpc	Central Moving Picture Bureau
shinfilm	Sunrise Films
shanghaistudio	Huangpu Film Studio
shanghaianim	Huangpu Animation Film Studio
changchun	Long Spring Film Studio
mehboobprod	Beloved Productions
gurudutt	Guru Dharma Films
vijaya	Vijaya Victory Studios
veracruz	Companhia Cinematográfica Vera Luz
toei	Toyo-Ei
atg	Art House Guild
dovzhenkost	Dnipro Film Studios
kadr	Zespół Filmowy Klatka
pacificfilms	Pacific Rim Films
orion	Hunter Pictures
tristar	TriComet Pictures
carolco	Carolina Coastal Pictures
cannon	The Cannonball Group
newline	New Lane Cinema
miramax	Mirabelle Films
amblin	Ambling Entertainment
lucasfilm	Lukewarm Films
zoetrope	American Kinetoscope
bbs	Three Friends Productions
newworld	New Planet Pictures
castlerock	Castle Stone Entertainment
goldcrest	Goldcrown Films
handmade	HandMaid Films
emi	EMU Films
film4	Channel Nine Films
workingtitle	Working Draft Films
merchantivory	Merchant Ebony Productions
mk2	Mercure Deux
renn	Wren Productions
filmverlag	Autorenfilm Kollektiv
bavaria	Bavaricus Film
constantin	Constantinople Film
querejeta	Elías Quer-Ojeda P.C.
eldeseo	El Deseado
goldenharvest	Golden Sheaf
cinemacity	Cinema Township Company
filmworkshop	Film Atelier
ghibli	Studio Sirocco
kadokawa	Kadokuma Pictures
itami	Itachi Productions
xian	Chang'an Film Studio
guangxi	Lijiang Film Studio
yashraj	Yashodhara Films
sippy	Sipahi Films
nfdc	National Film Fostering Corporation of India
rajshri	Rajlakshmi Productions
embrafilme	Brasilfilme
kennedymiller	Kennedy Mileage
safc	Adelaide Screen Corporation
nzfc	Aotearoa Screen Commission
mafilm	MAGYARFILM
tor	Zespół Filmowy Szyna
villealfa	Villebeta Filmproductions
arzu	Hayal Film
regal	Crown Jewel Films
cinepix	Cinépoint
seasonal	Monsoon Season Film Corporation
dreamworks	DreamWeavers SKG
dwanim	DreamWeavers Animation
pixar	Pixelar Animation Studios
touchstone	Touch Wood Pictures
hollywoodpics	Hollywould Pictures
foxsearchlight	Vixen Spotlight Pictures
spc	Sunny Pictures Classics
focus	Focal Point Features
lionsgate	Tigergate
artisan	Artisanal Entertainment
summit	Peak Entertainment
dimension	Fourth Dimension Films
weinsteinco	The Winestain Company
newmarket	New Bazaar Films
ifc	Indie Fanatic Films
killerfilms	Thriller Films
goodmachine	Good Engine
newregency	New Regalia
morgancreek	Morgan Brook Productions
imagine	Envisage Entertainment
villageroadshow	Township Roadshow Pictures
legendary	Mythical Pictures
spyglass	Telescope Entertainment
jerrybruckheimer	Jerry Bucketheimer Films
marvelstudios	Marvelous Studios
participant	Participle Media
planb	Plan Bee Entertainment
heyday	Halcyon Day Films
wingnut	Hexkey Films
wetaworkshop	Weka
bbcfilms	National Broadcaster Films
dnafilms	RNA Films
aardman	Clayman Animations
thinman_f	Slim Man Films
studiocanal	StudioChannel
europacorp	EuroCorp Pictures
wildbunch	Wild Herd
whypnot	Why Knot Productions
xfilme	Zett Filme Creative Pool
zentropa	Europa Zentrum
filmivast	Film i Öst
medusa	Gorgon Film
fandango	Flamenco Film
cjent	Seoul Jewel Entertainment
showbox	Showcase Box
mediaasia	Media Orient Films
milkyway	Galaxy Way Image
jetfilms	Jet Lag Films
chinafilmgroup	Middle Kingdom Film Group
huayi	Huaxia Brothers
edko	Echo Films
prodig	Production I.Q
madhouse	Mad Hatter House
fujitv	Mount Fuji Broadcasting
dharma	Karma Productions
excel	Excelsior Entertainment
redchillies	Hot Peppers Entertainment
utv	Unity TV Motion Pictures
aamirkhanprod	Aamir Kahan Productions
anhelo	Añoranza Producciones
globofilmes	Globo Terrestre Filmes
o2filmes	H2O Filmes
patagonik	Pampagonia Film Group
bkm	Bosphorus Film
nekvideo	NEK Video Junction
savoy	Savoury Pictures
mandarin	Tangerine Films
netflix	Netflux
amazonmgm	Rainforest Goldmine Studios
appleorig	Pear Original Films
a24	B17
neon	Argon
blumhouse	Bloomhouse Productions
annapurna	Himalaya Peak Pictures
searchlight	Spotlight Pictures
stx	Stax Entertainment
angel	Seraph Studios
illumination	Bright Idea Studios
sonyanim	Sunny Pictures Animation
lairdmoss	Laikonik
skydance	Skyward Dance Media
monkeypaw	Monkey Wrench Productions
filmnation	CineCountry Entertainment
mubi	Moovie
film4_b	Channel Nine Productions
elementpictures	Elementary Pictures
seesaw	Teeter-Totter Films
pathe_uk	Pathfinder (UK)
pathe_fr	Pathfinder
lesfilmspelleas	Les Films Mélisande
mementofilms	Souvenir Films
rai	Raggio Cinema
indigo	Violetta Film
komplizen	Kumpane Film
schramm	Schrammel Film
motlys	Mothlight
bonanza	Gold Rush Films
barunson	Barunbari E&A
lotte	Lottery Entertainment
comixwave	CoMix Tide Films
ufotable	Saucer Table
toei_anim	Toyo-Ei Animation
bonafilm	Bona Fide Film Group
wanda	Wonder Pictures
enlight	Bright Lantern Media
dengfeng	Summit Peak International
arka	Arc Media Works
dvventertain	DVD Entertainment
mythri	Mythic Movie Makers
hombale	Homebound Films
maddock	Paddock Films
filmone	FilmFirst Entertainment
scenenone	Scene Won Productions
rtfeatures	RT Featurettes
cinemascopio	CinemaPeriscópio
elpampero	El Viento Sur Cine
kinolorber	Kino Lowbrow
magnolia	Mangrove Pictures
hbodocs	Premium Cable Documentary Films
kinderfilm_th	Punch the Engine
gth	Thai Smile Studios
jkfilm	Saigon Lantern Film
burningblue	Burning Indigo Films
triggerfish	Pufferfish Animation
filmdistrict	Film Precinct
nextent	Next Entertainment Galaxy
lyca	Lyre Productions
rkfi	Lotus King Films International
mahua	Mahogany FunAge
abo	Alpha Bravo Entertainment
plattform	Perrong Produktion
avalon	Avalanche PC
srab	SCARAB Films
huanxi	Joyful Media
tseries	T-Sequence Films
sunpictures	Sunbeam Pictures
plusm	Plus Minus Entertainment
elDeseo_n	El Deseado
nordisk_n	Nordlys Film
gaumont_n	Gaumonde
toho_n	Toyo Hoshi
lucasfilm_d	Lukewarm Films (Mouse House)
funkeakindele	Jenny & Co. Productions
kanoon	The Institute for Young Minds
